time,device_descriptions,user_command,evaluation_criteria
2026-01-06 12:34:56+00:00,"[{'format': 'SmartThings', 'deviceId': '11111111-1111-1111-1111-111111111111', 'name': 'light', 'label': 'Living Room Light', 'components': [{'id': 'main', 'label': 'main', 'capabilities': [{'id': 'switch', 'version': 1}, {'id': 'level', 'version': 1}]}]}, {'format': 'SmartThings', 'deviceId': '22222222-2222-2222-2222-222222222222', 'name': 'air_conditioner', 'label': 'Master Bedroom AC', 'components': [{'id': 'main', 'label': 'main', 'capabilities': [{'id': 'switch', 'version': 1}, {'id': 'temperatureSetting', 'version': 1}]}]}, {'format': 'SmartThings', 'deviceId': '33333333-3333-3333-3333-333333333333', 'name': 'air_purifier', 'label': 'Office Air Purifier', 'components': [{'id': 'main', 'label': 'main', 'capabilities': [{'id': 'switch', 'version': 1}, {'id': 'fanSpeed', 'version': 1}]}]}, {'format': 'SmartThings', 'deviceId': '44444444-4444-4444-4444-444444444444', 'name': 'tv', 'label': 'Living Room TV', 'components': [{'id': 'main', 'label': 'main', 'capabilities': [{'id': 'switch', 'version': 1}, {'id': 'channel', 'version': 1}]}]}, {'format': 'SmartThings', 'deviceId': '55555555-5555-5555-5555-555555555555', 'name': 'speaker', 'label': 'Smart Speaker', 'components': [{'id': 'main', 'label': 'main', 'capabilities': [{'id': 'musicPlayback', 'version': 1}, {'id': 'volume', 'version': 1}]}]}, {'format': 'SmartThings', 'deviceId': '66666666-6666-6666-6666-666666666666', 'name': 'refrigerator', 'label': 'Kitchen Refrigerator', 'components': [{'id': 'main', 'label': 'main', 'capabilities': [{'id': 'switch', 'version': 1}, {'id': 'temperatureSetting', 'version': 1}]}]}, {'format': 'SmartThings', 'deviceId': '77777777-7777-7777-7777-777777777777', 'name': 'washer', 'label': 'Laundry Washer', 'components': [{'id': 'main', 'label': 'main', 'capabilities': [{'id': 'switch', 'version': 1}, {'id': 'cycleControl', 'version': 1}]}]}, {'format': 'SmartThings', 'deviceId': '88888888-8888-8888-8888-888888888888', 'name': 'window', 'label': 'Bedroom Smart Shade', 'components': [{'id': 'main', 'label': 'main', 'capabilities': [{'id': 'switch', 'version': 1}, {'id': 'position', 'version': 1}]}]}]",Dim the lights and play my music playlist.,The AI assistant should lower the brightness of all lights (dim them) and trigger the smart speaker to start playing the user's designated music playlist without errors.
2026-01-06 12:34:56+00:00,"[{'format': 'SmartThings', 'deviceId': '11111111-1111-1111-1111-111111111111', 'name': 'speaker', 'label': 'Living Room Speaker', 'components': [{'id': 'main', 'label': 'main', 'capabilities': [{'id': 'audioPlayback', 'version': 1}]}]}, {'format': 'SmartThings', 'deviceId': '22222222-2222-2222-2222-222222222222', 'name': 'tv', 'label': 'Living Room TV', 'components': [{'id': 'main', 'label': 'main', 'capabilities': [{'id': 'mediaPlayback', 'version': 1}]}]}, {'format': 'SmartThings', 'deviceId': '33333333-3333-3333-3333-333333333333', 'name': 'light', 'label': 'Living Room Ceiling Light', 'components': [{'id': 'main', 'label': 'main', 'capabilities': [{'id': 'switch', 'version': 1}]}]}, {'format': 'SmartThings', 'deviceId': '44444444-4444-4444-4444-444444444444', 'name': 'thermostat', 'label': 'Living Room Thermostat', 'components': [{'id': 'main', 'label': 'main', 'capabilities': [{'id': 'temperatureSetting', 'version': 1}]}]}, {'format': 'SmartThings', 'deviceId': '55555555-5555-5555-5555-555555555555', 'name': 'plug', 'label': 'Coffee Maker Smart Plug', 'components': [{'id': 'main', 'label': 'main', 'capabilities': [{'id': 'switch', 'version': 1}]}]}]",Play my favorite jazz radio station on the living room speaker.,"The Alexa assistant should locate the Living Room Speaker and start streaming the requested radio station. Confirmation (audio or visual) that playback began is expected, with no errors or unrelated device actions."
2026-01-06 12:34:56+00:00,"[{'format': 'SmartThings', 'deviceId': 'e3b0c442-1111-2222-3333-444455556666', 'name': 'light', 'label': 'Bedside Lamp', 'components': [{'id': 'main', 'label': 'main', 'capabilities': [{'id': 'switch', 'version': 1}, {'id': 'level', 'version': 1}]}]}, {'format': 'SmartThings', 'deviceId': 'a9f1d2c3-7777-8888-9999-aaaaaaaabbbb', 'name': 'speaker', 'label': 'Smart Bedroom Speaker', 'components': [{'id': 'main', 'label': 'main', 'capabilities': [{'id': 'audioVolume', 'version': 1}, {'id': 'mediaPlayback', 'version': 1}]}]}, {'format': 'SmartThings', 'deviceId': 'b2c3d4e5-1234-5678-90ab-cdef12345678', 'name': 'thermostat', 'label': 'Bedroom Thermostat', 'components': [{'id': 'main', 'label': 'main', 'capabilities': [{'id': 'thermostatMode', 'version': 1}, {'id': 'temperatureSetting', 'version': 1}]}]}, {'format': 'SmartThings', 'deviceId': 'c3d4e5f6-2345-6789-0abc-def123456789', 'name': 'smart_plug', 'label': 'Nightstand Plug', 'components': [{'id': 'main', 'label': 'main', 'capabilities': [{'id': 'switch', 'version': 1}]}]}, {'format': 'SmartThings', 'deviceId': 'd4e5f6a7-3456-7890-1bcd-ef1234567890', 'name': 'window_shade', 'label': 'Bedroom Blind', 'components': [{'id': 'main', 'label': 'main', 'capabilities': [{'id': 'switch', 'version': 1}, {'id': 'windowShade', 'version': 1}]}]}]",Play the 'Kind of Blue' album on Spotify.,"The speaker should verbally confirm the request, launch Spotify, and start playing the specified album."
2026-01-06 12:00:00+00:00,"[{'format': 'SmartThings', 'deviceId': '11111111-1111-1111-1111-111111111111', 'name': 'TV', 'label': 'Living Room TV', 'components': [{'id': 'main', 'label': 'main', 'capabilities': [{'id': 'mediaPlayback', 'version': 1}, {'id': 'channelControl', 'version': 1}]}]}, {'format': 'SmartThings', 'deviceId': '22222222-2222-2222-2222-222222222222', 'name': 'SmartHub', 'label': 'Samsung SmartThings Hub', 'components': [{'id': 'main', 'label': 'main', 'capabilities': [{'id': 'connectivity', 'version': 1}, {'id': 'automation', 'version': 1}]}]}, {'format': 'SmartThings', 'deviceId': '33333333-3333-3333-3333-333333333333', 'name': 'Speaker', 'label': 'Living Room Smart Speaker', 'components': [{'id': 'main', 'label': 'main', 'capabilities': [{'id': 'audioOutput', 'version': 1}, {'id': 'voiceAssistant', 'version': 1}]}]}, {'format': 'SmartThings', 'deviceId': '44444444-4444-4444-4444-444444444444', 'name': 'Light', 'label': 'Living Room LED Light', 'components': [{'id': 'main', 'label': 'main', 'capabilities': [{'id': 'switch', 'version': 1}, {'id': 'colorControl', 'version': 1}]}]}, {'format': 'SmartThings', 'deviceId': '55555555-5555-5555-5555-555555555555', 'name': 'Thermostat', 'label': 'Living Room Thermostat', 'components': [{'id': 'main', 'label': 'main', 'capabilities': [{'id': 'temperatureMeasurement', 'version': 1}, {'id': 'thermostatMode', 'version': 1}]}]}]","Which channel will show the next Simpsons episode, and can you switch to it?","The AI should identify the channel (e.g., Fox, ABC, or streaming app) that will broadcast the upcoming Simpsons episode soonest, report the scheduled time, and either change the TV to that channel or clearly state that it cannot switch and provide the information verbally or in text."
2026-01-06 12:00:00+00:00,"[{'format': 'SmartThings', 'deviceId': '11111111-1111-1111-1111-111111111111', 'name': 'roller_shutter', 'label': 'Front Living Room Shutter', 'components': [{'id': 'main', 'label': 'main', 'capabilities': [{'id': 'windowShade', 'version': 1}]}]}, {'format': 'SmartThings', 'deviceId': '22222222-2222-2222-2222-222222222222', 'name': 'roller_shutter', 'label': 'Front Playroom Shutter', 'components': [{'id': 'main', 'label': 'main', 'capabilities': [{'id': 'windowShade', 'version': 1}]}]}, {'format': 'SmartThings', 'deviceId': '33333333-3333-3333-3333-333333333333', 'name': 'smart_light', 'label': 'Kitchen Light', 'components': [{'id': 'main', 'label': 'main', 'capabilities': [{'id': 'switch', 'version': 1}]}]}, {'format': 'SmartThings', 'deviceId': '44444444-4444-4444-4444-444444444444', 'name': 'thermostat', 'label': 'Living Room Thermostat', 'components': [{'id': 'main', 'label': 'main', 'capabilities': [{'id': 'temperatureMeasurement', 'version': 1}]}]}, {'format': 'SmartThings', 'deviceId': '55555555-5555-5555-5555-555555555555', 'name': 'smart_speaker', 'label': 'Bedroom Speaker', 'components': [{'id': 'main', 'label': 'main', 'capabilities': [{'id': 'audioPlayback', 'version': 1}]}]}]","Hey Siri, close the front roller shutters.",The AI should send close commands to both the Front Living Room Shutter and the Front Playroom Shutter and confirm that the shutters are now closed.
2026-01-06 12:34:56+00:00,"[{'format': 'SmartThings', 'deviceId': '3fa85f64-5717-4562-b3fc-2c963f66afa6', 'name': 'Living Room Light', 'label': 'Living Room Lamp', 'components': [{'id': 'main', 'label': 'main', 'capabilities': [{'id': 'switch', 'version': 1}, {'id': 'level', 'version': 1}]}]}, {'format': 'SmartThings', 'deviceId': '6d0f9b42-9c4a-4e91-8d7f-5d2a8c6b1e3f', 'name': 'Thermostat', 'label': 'Hallway Thermostat', 'components': [{'id': 'main', 'label': 'main', 'capabilities': [{'id': 'temperatureSetting', 'version': 1}, {'id': 'thermostatMode', 'version': 1}]}]}, {'format': 'SmartThings', 'deviceId': 'b8c2e6f7-1a2b-4c3d-9e0f-7a8b9c0d1e2f', 'name': 'Smart Speaker', 'label': 'Echo Dot Living Room', 'components': [{'id': 'main', 'label': 'main', 'capabilities': [{'id': 'audioPlayback', 'version': 1}, {'id': 'volume', 'version': 1}]}]}, {'format': 'SmartThings', 'deviceId': 'c1d2e3f4-5a6b-7c8d-9e0f-1a2b3c4d5e6f', 'name': 'Smart TV', 'label': 'Bedroom TV', 'components': [{'id': 'main', 'label': 'main', 'capabilities': [{'id': 'mediaPlayback', 'version': 1}, {'id': 'switch', 'version': 1}]}]}, {'format': 'SmartThings', 'deviceId': 'd9e8f7a6-5b4c-3d2e-1f0a-9b8c7d6e5f4a', 'name': 'Smart Plug', 'label': 'Coffee Maker Plug', 'components': [{'id': 'main', 'label': 'main', 'capabilities': [{'id': 'switch', 'version': 1}]}]}]","Alexa, play Imagination by Gorgon City.","The AI should send a play‑audio request to the smart speaker, confirm that the command was accepted, and the speaker should start playing the requested song audibly in the room."
2026-01-06 12:00:00+00:00,"[{'format': 'SmartThings', 'deviceId': '11111111-1111-1111-1111-111111111111', 'name': 'Living Room Light', 'label': 'Living Room Light', 'components': [{'id': 'main', 'label': 'main', 'capabilities': [{'id': 'switch', 'version': 1}]}]}, {'format': 'SmartThings', 'deviceId': '22222222-2222-2222-2222-222222222222', 'name': 'Garage Door', 'label': 'Garage Door', 'components': [{'id': 'main', 'label': 'main', 'capabilities': [{'id': 'doorControl', 'version': 1}]}]}, {'format': 'SmartThings', 'deviceId': '33333333-3333-3333-3333-333333333333', 'name': 'Kitchen Thermostat', 'label': 'Kitchen Thermostat', 'components': [{'id': 'main', 'label': 'main', 'capabilities': [{'id': 'temperatureSetting', 'version': 1}]}]}, {'format': 'SmartThings', 'deviceId': '44444444-4444-4444-4444-444444444444', 'name': 'Front Door Lock', 'label': 'Front Door Lock', 'components': [{'id': 'main', 'label': 'main', 'capabilities': [{'id': 'lock', 'version': 1}]}]}, {'format': 'SmartThings', 'deviceId': '55555555-5555-5555-5555-555555555555', 'name': 'Security Camera', 'label': 'Security Camera', 'components': [{'id': 'main', 'label': 'main', 'capabilities': [{'id': 'cameraStream', 'version': 1}]}]}]","I'm heading out, please close the garage and turn off all the lights.","The AI assistant should send a command to close the Garage Door and send a turn‑off command to every Light device (e.g., Living Room Light). No other devices should be affected."
2026-01-06 12:00:00+00:00,"[{'format': 'W3C', 'id': '11111111-1111-1111-1111-111111111111', 'title': 'Living Room TV (Roku)', 'actions': {'turnOff': {'title': 'Turn Off', 'description': 'Power off the TV'}, 'turnOn': {'title': 'Turn On', 'description': 'Power on the TV'}}}, {'format': 'W3C', 'id': '22222222-2222-2222-2222-222222222222', 'title': 'Living Room Speaker', 'actions': {'setVolume': {'title': 'Set Volume', 'description': 'Adjust speaker volume', 'input': {'type': 'object', 'properties': {'level': {'type': 'integer'}}, 'required': ['level']}}, 'mute': {'title': 'Mute', 'description': 'Mute the speaker'}}}, {'format': 'SmartThings', 'deviceId': '33333333-3333-3333-3333-333333333333', 'name': 'light', 'label': 'Kitchen Ceiling Light', 'components': [{'id': 'main', 'label': 'main', 'capabilities': [{'id': 'switch', 'version': 1}, {'id': 'level', 'version': 1}]}]}, {'format': 'SmartThings', 'deviceId': '44444444-4444-4444-4444-444444444444', 'name': 'thermostat', 'label': 'Bedroom Thermostat', 'components': [{'id': 'main', 'label': 'main', 'capabilities': [{'id': 'temperatureMeasurement', 'version': 1}, {'id': 'thermostatMode', 'version': 1}]}]}, {'format': 'W3C', 'id': '55555555-5555-5555-5555-555555555555', 'title': 'Garage Smart Plug', 'actions': {'turnOff': {'title': 'Turn Off', 'description': 'Cut power to the plug'}, 'turnOn': {'title': 'Turn On', 'description': 'Supply power to the plug'}}}]","It's getting late, could you shut down the living room screen?","The AI identifies the Living Room TV (Roku) as the target, sends a turnOff action to that device, confirms the TV is off, and does not affect any other devices."
2026-01-06 12:34:56+00:00,"[{'format': 'SmartThings', 'deviceId': '3fa85f64-5717-4562-b3fc-2c963f66afa6', 'name': 'Light', 'label': 'Bedroom Ceiling Light', 'components': [{'id': 'main', 'label': 'main', 'capabilities': [{'id': 'switchLevel', 'version': 1}, {'id': 'switch', 'version': 1}]}]}, {'format': 'SmartThings', 'deviceId': '8b2e4b9a-1c4d-4f8e-a3b7-6e2d5c9f8a12', 'name': 'TV', 'label': 'Bedroom Smart TV', 'components': [{'id': 'main', 'label': 'main', 'capabilities': [{'id': 'mediaPlayback', 'version': 1}, {'id': 'switch', 'version': 1}]}]}, {'format': 'SmartThings', 'deviceId': 'd0f1c2b3-5e6a-4c7d-9b8f-0a1b2c3d4e5f', 'name': 'Speaker', 'label': 'Bedroom Smart Speaker', 'components': [{'id': 'main', 'label': 'main', 'capabilities': [{'id': 'audioPlayback', 'version': 1}, {'id': 'volume', 'version': 1}]}]}, {'format': 'SmartThings', 'deviceId': 'a1b2c3d4-e5f6-7890-abcd-ef1234567890', 'name': 'Heater', 'label': 'Bedroom Heater', 'components': [{'id': 'main', 'label': 'main', 'capabilities': [{'id': 'temperatureSetting', 'version': 1}, {'id': 'switch', 'version': 1}]}]}, {'format': 'SmartThings', 'deviceId': 'f9e8d7c6-b5a4-3210-9fed-cba987654321', 'name': 'Thermostat', 'label': 'Bedroom Thermostat', 'components': [{'id': 'main', 'label': 'main', 'capabilities': [{'id': 'temperatureMeasurement', 'version': 1}, {'id': 'temperatureSetting', 'version': 1}]}]}]",Dim the lights so I can watch a movie.,"The bedroom ceiling light should lower its brightness to a comfortable level (e.g., around 30% of maximum) while remaining on. No other devices should change state."
2026-01-06 12:00:00+00:00,"[{'format': 'SmartThings', 'deviceId': 'a1b2c3d4-e5f6-7890-abcd-ef1234567890', 'name': 'Light', 'label': 'Living Room Light', 'components': [{'id': 'main', 'label': 'main', 'capabilities': [{'id': 'switch', 'version': 1}]}]}, {'format': 'SmartThings', 'deviceId': 'b2c3d4e5-f6a7-8901-bcde-f23456789012', 'name': 'Air Purifier', 'label': 'Bedroom Air Purifier', 'components': [{'id': 'main', 'label': 'main', 'capabilities': [{'id': 'switch', 'version': 1}]}]}, {'format': 'SmartThings', 'deviceId': 'c3d4e5f6-a7b8-9012-cdef-345678901234', 'name': 'Dehumidifier', 'label': 'Basement Dehumidifier', 'components': [{'id': 'main', 'label': 'main', 'capabilities': [{'id': 'switch', 'version': 1}]}]}, {'format': 'SmartThings', 'deviceId': 'd4e5f6a7-b8c9-0123-def0-456789012345', 'name': 'Heater', 'label': 'Hallway Heater', 'components': [{'id': 'main', 'label': 'main', 'capabilities': [{'id': 'switch', 'version': 1}]}]}, {'format': 'SmartThings', 'deviceId': 'e5f6a7b8-c9d0-1234-ef01-567890123456', 'name': 'TV', 'label': 'Living Room TV', 'components': [{'id': 'main', 'label': 'main', 'capabilities': [{'id': 'mediaPlayback', 'version': 1}]}]}, {'format': 'SmartThings', 'deviceId': 'f6a7b8c9-d0e1-2345-f012-678901234567', 'name': 'Speaker', 'label': 'Kitchen Speaker', 'components': [{'id': 'main', 'label': 'main', 'capabilities': [{'id': 'audioPlayback', 'version': 1}]}]}, {'format': 'SmartThings', 'deviceId': 'a7b8c9d0-e1f2-3456-0123-789012345678', 'name': 'Refrigerator', 'label': 'Fridge', 'components': [{'id': 'main', 'label': 'main', 'capabilities': [{'id': 'switch', 'version': 1}]}]}, {'format': 'SmartThings', 'deviceId': 'b8c9d0e1-f2a3-4567-1234-890123456789', 'name': 'Window', 'label': 'Bedroom Motorized Curtains', 'components': [{'id': 'main', 'label': 'main', 'capabilities': [{'id': 'windowCovering', 'version': 1}]}]}, {'format': 'SmartThings', 'deviceId': 'c9d0e1f2-a3b4-5678-2345-901234567890', 'name': 'Smart Plug', 'label': 'PC Power Plug', 'components': [{'id': 'main', 'label': 'main', 'capabilities': [{'id': 'switch', 'version': 1}]}]}, {'format': 'SmartThings', 'deviceId': 'd0e1f2a3-b4c5-6789-3456-012345678901', 'name': 'Smart Plug', 'label': 'Fan Power Plug', 'components': [{'id': 'main', 'label': 'main', 'capabilities': [{'id': 'switch', 'version': 1}]}]}]","Hey Xiaomi, open the curtains, turn on the lights and TV, power up my PC, and switch on the fan if it gets warm.","The AI should open the motorized curtains (window device), turn on the living room light, start the TV, power on the PC via its smart plug, and monitor ambient temperature to turn on the fan plug when the temperature rises above a comfortable level."
2026-01-06 12:15:30+00:00,"[{'format': 'SmartThings', 'deviceId': 'a1111111-1111-1111-1111-111111111111', 'name': 'Light', 'label': 'Bedroom Light', 'components': [{'id': 'main', 'label': 'main', 'capabilities': [{'id': 'switch', 'version': 1}]}]}, {'format': 'SmartThings', 'deviceId': 'b2222222-2222-2222-2222-222222222222', 'name': 'Heater', 'label': 'Bedroom Heater', 'components': [{'id': 'main', 'label': 'main', 'capabilities': [{'id': 'switch', 'version': 1}]}]}, {'format': 'SmartThings', 'deviceId': 'c3333333-3333-3333-3333-333333333333', 'name': 'TV', 'label': 'Living Room TV', 'components': [{'id': 'main', 'label': 'main', 'capabilities': [{'id': 'switch', 'version': 1}]}]}, {'format': 'SmartThings', 'deviceId': 'd4444444-4444-4444-4444-444444444444', 'name': 'Speaker', 'label': 'Kitchen Speaker', 'components': [{'id': 'main', 'label': 'main', 'capabilities': [{'id': 'switch', 'version': 1}]}]}, {'format': 'SmartThings', 'deviceId': 'e5555555-5555-5555-5555-555555555555', 'name': 'Robot vacuum cleaner', 'label': 'Hallway Vacuum', 'components': [{'id': 'main', 'label': 'main', 'capabilities': [{'id': 'switch', 'version': 1}]}]}]",Turn off the bedroom lights and turn on the bedroom heater.,"The AI assistant should send a command to the Bedroom Light to switch off, send a command to the Bedroom Heater to switch on, and respond verbally with a confirmation such as ""Done"" or ""The bedroom lights are off and the heater is on."""
2026-01-06 12:34:56+00:00,"[{'format': 'SmartThings', 'deviceId': '11111111-1111-1111-1111-111111111111', 'name': 'Light', 'label': 'Bedroom Ceiling Light', 'components': [{'id': 'main', 'label': 'main', 'capabilities': [{'id': 'switch', 'version': 1}]}]}, {'format': 'SmartThings', 'deviceId': '22222222-2222-2222-2222-222222222222', 'name': 'Light', 'label': 'Floor Lamp', 'components': [{'id': 'main', 'label': 'main', 'capabilities': [{'id': 'switch', 'version': 1}]}]}, {'format': 'SmartThings', 'deviceId': '33333333-3333-3333-3333-333333333333', 'name': 'Plug', 'label': 'Corner Smart Plug (games consoles)', 'components': [{'id': 'main', 'label': 'main', 'capabilities': [{'id': 'switch', 'version': 1}]}]}, {'format': 'W3C', 'id': '44444444-4444-4444-4444-444444444444', 'title': 'Smart TV', 'actions': {'on': {'title': 'Power On', 'description': 'Turn the TV on'}, 'off': {'title': 'Power Off', 'description': 'Turn the TV off'}}}, {'format': 'W3C', 'id': '55555555-5555-5555-5555-555555555555', 'title': 'Smart Speaker', 'actions': {'play': {'title': 'Play', 'description': 'Start playback'}, 'stop': {'title': 'Stop', 'description': 'Stop playback'}, 'mute': {'title': 'Mute', 'description': 'Mute the speaker'}}}]","Alexa, bedtime.","The AI should turn off the bedroom ceiling light, the floor lamp, the smart TV, mute/turn off the smart speaker, and switch off the corner smart plug that powers the game consoles."
2026-01-06 12:34:56+00:00,"[{'format': 'SmartThings', 'deviceId': '11111111-1111-1111-1111-111111111111', 'name': 'light', 'label': 'Living Room Light', 'components': [{'id': 'main', 'label': 'main', 'capabilities': [{'id': 'switch', 'version': 1}]}]}, {'format': 'SmartThings', 'deviceId': '22222222-2222-2222-2222-222222222222', 'name': 'light', 'label': 'Christmas Lights', 'components': [{'id': 'main', 'label': 'main', 'capabilities': [{'id': 'switch', 'version': 1}]}]}, {'format': 'SmartThings', 'deviceId': '33333333-3333-3333-3333-333333333333', 'name': 'speaker', 'label': 'Smart Speaker', 'components': [{'id': 'main', 'label': 'main', 'capabilities': [{'id': 'audioPlayback', 'version': 1}]}]}, {'format': 'SmartThings', 'deviceId': '44444444-4444-4444-4444-444444444444', 'name': 'thermostat', 'label': 'Hallway Thermostat', 'components': [{'id': 'main', 'label': 'main', 'capabilities': [{'id': 'temperatureMeasurement', 'version': 1}, {'id': 'thermostatMode', 'version': 1}]}]}, {'format': 'SmartThings', 'deviceId': '55555555-5555-5555-5555-555555555555', 'name': 'tv', 'label': 'Living Room TV', 'components': [{'id': 'main', 'label': 'main', 'capabilities': [{'id': 'mediaPlayback', 'version': 1}]}]}, {'format': 'SmartThings', 'deviceId': '66666666-6666-6666-6666-666666666666', 'name': 'refrigerator', 'label': 'Kitchen Refrigerator', 'components': [{'id': 'main', 'label': 'main', 'capabilities': [{'id': 'temperatureControl', 'version': 1}]}]}, {'format': 'SmartThings', 'deviceId': '77777777-7777-7777-7777-777777777777', 'name': 'washer', 'label': 'Laundry Washer', 'components': [{'id': 'main', 'label': 'main', 'capabilities': [{'id': 'laundryMode', 'version': 1}]}]}]",Play some music and turn on the Christmas lights.,"The smart speaker should start playing music, and the device labeled 'Christmas Lights' should turn on."
2026-01-06 12:34:56+00:00,"[{'format': 'SmartThings', 'deviceId': 'c1a2b3d4-1111-2222-3333-444455556666', 'name': 'TV', 'label': 'Kitchen TV', 'components': [{'id': 'main', 'label': 'main', 'capabilities': [{'id': 'mediaPlayback', 'version': 1}, {'id': 'audioVolume', 'version': 1}]}]}, {'format': 'SmartThings', 'deviceId': 'd2b3c4e5-7777-8888-9999-aaaaabbbbbcc', 'name': 'Speaker', 'label': 'Kitchen Speaker', 'components': [{'id': 'main', 'label': 'main', 'capabilities': [{'id': 'audioPlayback', 'version': 1}, {'id': 'audioVolume', 'version': 1}]}]}, {'format': 'SmartThings', 'deviceId': 'e3c4d5f6-1010-1111-1212-131313141415', 'name': 'Light', 'label': 'Kitchen Ceiling Light', 'components': [{'id': 'main', 'label': 'main', 'capabilities': [{'id': 'switch', 'version': 1}, {'id': 'colorControl', 'version': 1}]}]}, {'format': 'SmartThings', 'deviceId': 'f4d5e6a7-1616-1717-1818-191919202122', 'name': 'Thermostat', 'label': 'Kitchen Thermostat', 'components': [{'id': 'main', 'label': 'main', 'capabilities': [{'id': 'temperatureMeasurement', 'version': 1}, {'id': 'thermostatMode', 'version': 1}]}]}, {'format': 'SmartThings', 'deviceId': 'a5e6f7b8-2323-2424-2525-262626272829', 'name': 'SmartPlug', 'label': 'Kitchen Coffee Maker Plug', 'components': [{'id': 'main', 'label': 'main', 'capabilities': [{'id': 'switch', 'version': 1}]}]}, {'format': 'W3C', 'id': 'b6f7a8c9-3030-3131-3232-333334353637', 'title': 'Amazon Alexa', 'actions': {'pairDevice': {'title': 'Pair Device', 'description': 'Initiates pairing of a compatible smart device with Alexa.'}, 'syncAudio': {'title': 'Sync Audio', 'description': 'Synchronizes audio output between two paired devices.'}}}]","Alexa, connect the TV to the kitchen speaker so they play together.","The AI agent should confirm that the TV and the kitchen speaker are successfully paired with Alexa, report that audio sync is enabled, and indicate that both devices are ready for simultaneous playback without errors."
2026-01-06 12:34:56+00:00,"[{'format': 'W3C', 'id': '11111111-1111-1111-1111-111111111111', 'title': 'Lounge 1 Light', 'actions': {'setLevel': {'title': 'Set Brightness Level', 'description': 'Set the light to a specific brightness level', 'input': {'type': 'object', 'properties': {'level': {'type': 'integer'}}, 'required': ['level']}}, 'off': {'title': 'Turn Off', 'description': 'Switch the light off'}}}, {'format': 'W3C', 'id': '22222222-2222-2222-2222-222222222222', 'title': 'Lounge 2 Light', 'actions': {'off': {'title': 'Turn Off', 'description': 'Switch the light off'}}}, {'format': 'W3C', 'id': '33333333-3333-3333-3333-333333333333', 'title': 'Main Air Conditioner', 'actions': {'setPower': {'title': 'Set Power', 'description': 'Turn the air conditioner on or off'}}}, {'format': 'W3C', 'id': '44444444-4444-4444-4444-444444444444', 'title': 'Living Room TV', 'actions': {'togglePower': {'title': 'Toggle Power', 'description': 'Turn the TV on or off'}}}, {'format': 'W3C', 'id': '55555555-5555-5555-5555-555555555555', 'title': 'Home Speaker', 'actions': {'playMusic': {'title': 'Play Music', 'description': 'Start playing music'}}}, {'format': 'W3C', 'id': '66666666-6666-6666-6666-666666666666', 'title': 'Robot Vacuum Cleaner', 'actions': {'startCleaning': {'title': 'Start Cleaning', 'description': 'Begin a cleaning cycle'}}}, {'format': 'W3C', 'id': '77777777-7777-7777-7777-777777777777', 'title': 'Refrigerator', 'actions': {'setTemperature': {'title': 'Set Temperature', 'description': 'Adjust the internal temperature'}}}]","Alexa, turn on the lounge 1 lights to setting 2 and turn off the lounge 2 lights, please.","The assistant should set Lounge 1 Light to level 2 (on) and turn Lounge 2 Light off, with no other devices altered."
2026-01-06 12:00:00+00:00,"[{'format': 'W3C', 'id': '11111111-1111-1111-1111-111111111111', 'title': 'Living Room Light', 'actions': {'turnOn': {'title': 'Turn On', 'description': 'Turns the light on'}, 'turnOff': {'title': 'Turn Off', 'description': 'Turns the light off'}}}, {'format': 'W3C', 'id': '22222222-2222-2222-2222-222222222222', 'title': 'Bedroom Air Conditioner', 'actions': {'turnOn': {'title': 'Turn On', 'description': 'Starts the air conditioner'}, 'turnOff': {'title': 'Turn Off', 'description': 'Stops the air conditioner'}, 'setTemperature': {'title': 'Set Temperature', 'description': 'Sets the desired temperature'}}}, {'format': 'W3C', 'id': '33333333-3333-3333-3333-333333333333', 'title': 'Living Room TV', 'actions': {'powerOn': {'title': 'Power On', 'description': 'Turns the TV on'}, 'powerOff': {'title': 'Power Off', 'description': 'Turns the TV off'}, 'setChannel': {'title': 'Set Channel', 'description': 'Changes the TV channel'}}}, {'format': 'W3C', 'id': '44444444-4444-4444-4444-444444444444', 'title': 'Front Door Lock', 'actions': {'lock': {'title': 'Lock', 'description': 'Locks the door'}, 'unlock': {'title': 'Unlock', 'description': 'Unlocks the door'}}}, {'format': 'W3C', 'id': '55555555-5555-5555-5555-555555555555', 'title': 'Kitchen Smart Speaker', 'actions': {'playMusic': {'title': 'Play Music', 'description': 'Starts playing music'}, 'stopMusic': {'title': 'Stop Music', 'description': 'Stops playing music'}}}, {'format': 'W3C', 'id': '66666666-6666-6666-6666-666666666666', 'title': 'Hallway Security Camera', 'actions': {'startRecording': {'title': 'Start Recording', 'description': 'Begins video recording'}, 'stopRecording': {'title': 'Stop Recording', 'description': 'Stops video recording'}}}]","Alexa, turn on the lights and the AC when I arrive home at 6 pm.","The assistant should schedule the Living Room Light and Bedroom Air Conditioner to turn on automatically at 6 pm without further prompting, and the devices must actually power on at the specified time."
2026-01-06 12:34:56+00:00,"[{'format': 'SmartThings', 'deviceId': '11111111-1111-1111-1111-111111111111', 'name': 'TV', 'label': 'Living Room TV', 'components': [{'id': 'main', 'label': 'main', 'capabilities': [{'id': 'onOff', 'version': 1}, {'id': 'audioVolume', 'version': 1}]}]}, {'format': 'SmartThings', 'deviceId': '22222222-2222-2222-2222-222222222222', 'name': 'Robot Vacuum', 'label': 'Roomba', 'components': [{'id': 'main', 'label': 'main', 'capabilities': [{'id': 'onOff', 'version': 1}]}]}, {'format': 'W3C', 'id': '33333333-3333-3333-3333-333333333333', 'title': 'Naver Smart Speaker', 'actions': {'turnOn': {'title': 'Turn On', 'description': 'Power on the speaker'}, 'turnOff': {'title': 'Turn Off', 'description': 'Power off the speaker'}, 'playRadio': {'title': 'Play Radio', 'description': 'Start playing a radio station'}, 'setVolume': {'title': 'Set Volume', 'description': 'Set speaker volume level', 'input': {'type': 'object', 'properties': {'level': {'type': 'integer'}}, 'required': ['level']}}}}, {'format': 'SmartThings', 'deviceId': '44444444-4444-4444-4444-444444444444', 'name': 'Smart Light', 'label': 'Ceiling Light', 'components': [{'id': 'main', 'label': 'main', 'capabilities': [{'id': 'onOff', 'version': 1}]}]}, {'format': 'SmartThings', 'deviceId': '55555555-5555-5555-5555-555555555555', 'name': 'Thermostat', 'label': 'Hall Thermostat', 'components': [{'id': 'main', 'label': 'main', 'capabilities': [{'id': 'temperatureSetting', 'version': 1}]}]}]","Start the TV and radio, then have the robot vacuum clean while lowering the volume a little.","The AI should turn on the TV, initiate a radio playback (or set TV to a radio channel), reduce the TV volume, and activate the robot vacuum cleaner. It should confirm each action or report if any device cannot be controlled."
2026-01-06 12:00:00+00:00,"[{'format': 'SmartThings', 'deviceId': '123e4567-e89b-12d3-a456-426614174000', 'name': 'Google Nest Audio', 'label': 'Living Room Speaker', 'components': [{'id': 'main', 'label': 'main', 'capabilities': [{'id': 'audioPlayback', 'version': 1}]}]}, {'format': 'SmartThings', 'deviceId': '223e4567-e89b-12d3-a456-426614174001', 'name': 'LG Smart TV', 'label': 'Living Room TV', 'components': [{'id': 'main', 'label': 'main', 'capabilities': [{'id': 'mediaPlayback', 'version': 1}]}]}, {'format': 'SmartThings', 'deviceId': '323e4567-e89b-12d3-a456-426614174002', 'name': 'Philips Hue Bulb', 'label': 'Dining Room Light', 'components': [{'id': 'main', 'label': 'main', 'capabilities': [{'id': 'switch', 'version': 1}, {'id': 'levelControl', 'version': 1}]}]}, {'format': 'SmartThings', 'deviceId': '423e4567-e89b-12d3-a456-426614174003', 'name': 'Nest Thermostat', 'label': 'Hallway Thermostat', 'components': [{'id': 'main', 'label': 'main', 'capabilities': [{'id': 'temperatureSetting', 'version': 1}]}]}, {'format': 'SmartThings', 'deviceId': '523e4567-e89b-12d3-a456-426614174004', 'name': 'TP-Link Kasa Smart Plug', 'label': 'Bedroom Plug', 'components': [{'id': 'main', 'label': 'main', 'capabilities': [{'id': 'switch', 'version': 1}]}]}]","Hey Google, play my favorite Spotify list.","The AI assistant should route the request to the living room speaker (Google Nest Audio), start playing the user's predefined favorite Spotify playlist via Spotify, and no other devices should start playback. Playback should begin within a few seconds."
2026-01-06 14:32:00+00:00,"[{'format': 'W3C', 'id': 'd4f5e6a1-2b3c-4d5e-8f9a-b0c1d2e3f456', 'title': 'Robot Vacuum Cleaner', 'actions': {'startCleaning': {'title': 'Start Cleaning', 'description': 'Begin a cleaning cycle on the floor.'}, 'setMode': {'title': 'Set Mode', 'description': 'Select cleaning mode (dry/vacuum or wet/mop).', 'input': {'type': 'object', 'properties': {'mode': {'type': 'string'}}, 'required': ['mode']}}, 'returnToDock': {'title': 'Return to Dock', 'description': 'Send the robot back to its charging/cleaning dock.'}}}, {'format': 'SmartThings', 'deviceId': 'a1b2c3d4-1111-2222-3333-444455556666', 'name': 'Smart Speaker', 'label': 'Living Room Speaker', 'components': [{'id': 'main', 'label': 'main', 'capabilities': [{'id': 'audioPlayback', 'version': 1}, {'id': 'voiceAssistant', 'version': 1}]}]}, {'format': 'SmartThings', 'deviceId': 'b2c3d4e5-7777-8888-9999-aaaabbbbcccc', 'name': 'Smart Light', 'label': 'Kitchen Ceiling Light', 'components': [{'id': 'main', 'label': 'main', 'capabilities': [{'id': 'switch', 'version': 1}, {'id': 'level', 'version': 1}]}]}, {'format': 'SmartThings', 'deviceId': 'c3d4e5f6-dddd-eeee-ffff-111122223333', 'name': 'Thermostat', 'label': 'Hallway Thermostat', 'components': [{'id': 'main', 'label': 'main', 'capabilities': [{'id': 'temperatureMeasurement', 'version': 1}, {'id': 'thermostatMode', 'version': 1}]}]}, {'format': 'SmartThings', 'deviceId': 'd4e5f6a7-4444-5555-6666-777788889999', 'name': 'Smart Lock', 'label': 'Front Door Lock', 'components': [{'id': 'main', 'label': 'main', 'capabilities': [{'id': 'lock', 'version': 1}, {'id': 'lockCodes', 'version': 1}]}]}]","Please clean the whole apartment floor, mop it, and then send the vacuum back to its dock.","The AI assistant should instruct the robot vacuum cleaner to start a cleaning cycle covering the entire 59 m² floor, set its mode to wet/mop, wait until cleaning is complete, and then command the device to return to its charging dock."
2026-01-06 12:34:56+00:00,"[{'format': 'SmartThings', 'deviceId': '11111111-1111-1111-1111-111111111111', 'name': 'Speaker', 'label': 'Living Room Speaker', 'components': [{'id': 'main', 'label': 'main', 'capabilities': [{'id': 'audioPlay', 'version': 1}]}]}, {'format': 'SmartThings', 'deviceId': '22222222-2222-2222-2222-222222222222', 'name': 'Light', 'label': 'Living Room Light', 'components': [{'id': 'main', 'label': 'main', 'capabilities': [{'id': 'switch', 'version': 1}, {'id': 'level', 'version': 1}]}]}, {'format': 'SmartThings', 'deviceId': '33333333-3333-3333-3333-333333333333', 'name': 'TV', 'label': 'Living Room TV', 'components': [{'id': 'main', 'label': 'main', 'capabilities': [{'id': 'mediaPlayback', 'version': 1}]}]}, {'format': 'SmartThings', 'deviceId': '44444444-4444-4444-4444-444444444444', 'name': 'Thermostat', 'label': 'Living Room Thermostat', 'components': [{'id': 'main', 'label': 'main', 'capabilities': [{'id': 'temperatureSetting', 'version': 1}]}]}, {'format': 'SmartThings', 'deviceId': '55555555-5555-5555-5555-555555555555', 'name': 'SmartPlug', 'label': 'Living Room Plug', 'components': [{'id': 'main', 'label': 'main', 'capabilities': [{'id': 'switch', 'version': 1}]}]}]",Play my music over the speaker.,"The AI should acknowledge the request (e.g., say ""Okay"") and then start streaming the user's music on the Living Room Speaker, without affecting the Light, TV, Thermostat, or Smart Plug."
2026-01-06 12:34:56+00:00,"[{'format': 'SmartThings', 'deviceId': '11111111-1111-1111-1111-111111111111', 'name': 'Smart TV', 'label': 'Kitchen TV', 'components': [{'id': 'main', 'label': 'main', 'capabilities': [{'id': 'mediaPlayback', 'version': 1}, {'id': 'audioOutput', 'version': 1}]}]}, {'format': 'SmartThings', 'deviceId': '22222222-2222-2222-2222-222222222222', 'name': 'Smart Speaker', 'label': 'Kitchen Speaker', 'components': [{'id': 'main', 'label': 'main', 'capabilities': [{'id': 'audioPlayback', 'version': 1}, {'id': 'volumeControl', 'version': 1}]}]}, {'format': 'SmartThings', 'deviceId': '33333333-3333-3333-3333-333333333333', 'name': 'Smart Light', 'label': 'Kitchen Light', 'components': [{'id': 'main', 'label': 'main', 'capabilities': [{'id': 'switch', 'version': 1}, {'id': 'colorControl', 'version': 1}]}]}, {'format': 'SmartThings', 'deviceId': '44444444-4444-4444-4444-444444444444', 'name': 'Smart Refrigerator', 'label': 'Kitchen Refrigerator', 'components': [{'id': 'main', 'label': 'main', 'capabilities': [{'id': 'temperatureControl', 'version': 1}]}]}, {'format': 'W3C', 'id': '55555555-5555-5555-5555-555555555555', 'title': 'Thermostat', 'actions': {'setTemperature': {'title': 'Set Temperature', 'description': 'Sets the desired temperature for the thermostat.'}, 'pair': {'title': 'Pair Device', 'description': 'Pairs this device with a specified assistant or hub.'}}}]","Hey Alexa, link the kitchen TV to my Alexa.","The AI should initiate a pairing process between the Smart TV and the Amazon Alexa assistant, confirm that the TV is now linked to Alexa, and report success without errors."
2026-01-06 12:34:56+00:00,"[{'format': 'SmartThings', 'deviceId': '3fa85f64-5717-4562-b3fc-2c963f66afa1', 'name': 'Thermostat', 'label': 'Living Room Thermostat', 'components': [{'id': 'main', 'label': 'main', 'capabilities': [{'id': 'temperatureSetting', 'version': 1}]}]}, {'format': 'SmartThings', 'deviceId': '7c9e6679-7425-40de-944b-e07fc1f90ae7', 'name': 'TV', 'label': 'Family Room TV', 'components': [{'id': 'main', 'label': 'main', 'capabilities': [{'id': 'mediaPlayback', 'version': 1}, {'id': 'audioVolume', 'version': 1}]}]}, {'format': 'SmartThings', 'deviceId': 'd5c5c9b9-6d59-4c3a-9f3b-4d9a6c3e8f20', 'name': 'Speaker', 'label': 'Kitchen Smart Speaker', 'components': [{'id': 'main', 'label': 'main', 'capabilities': [{'id': 'audioVolume', 'version': 1}]}]}, {'format': 'SmartThings', 'deviceId': 'a3e2f7c4-1b2d-49f8-8e6a-3f2d9c7b1e5f', 'name': 'Robot Vacuum Cleaner', 'label': 'Hallway Robot Vacuum', 'components': [{'id': 'main', 'label': 'main', 'capabilities': [{'id': 'vacuumCleaner', 'version': 1}]}]}, {'format': 'SmartThings', 'deviceId': '9b6a8c2d-4f3e-45b9-9c1a-2d7e6f9b3c4a', 'name': 'Smart Light', 'label': 'Bedroom Ceiling Light', 'components': [{'id': 'main', 'label': 'main', 'capabilities': [{'id': 'switchLevel', 'version': 1}]}]}]","Alexa, make it warmer in here and put on the cooking show on the TV.","The thermostat should increase its temperature setting (or decrease if the current temperature is above the target) and report the new setpoint. The TV should start playing the requested cooking show program, confirming that the correct content is playing."
2026-01-06 12:34:56+00:00,"[{'format': 'W3C', 'id': '11111111-1111-1111-1111-111111111111', 'title': 'Roomba Robot Vacuum', 'actions': {'startCleaning': {'title': 'Start Cleaning', 'description': 'Begin vacuum cleaning, optionally limited to a specific room.', 'input': {'type': 'object', 'properties': {'room': {'type': 'string'}}, 'required': []}}, 'stopCleaning': {'title': 'Stop Cleaning', 'description': 'Halt any ongoing cleaning process.'}}}, {'format': 'W3C', 'id': '22222222-2222-2222-2222-222222222222', 'title': 'Living Room Smart Speaker', 'actions': {'playMusic': {'title': 'Play Music', 'description': 'Start streaming music on the speaker.', 'input': {'type': 'object', 'properties': {'genre': {'type': 'string'}, 'track': {'type': 'string'}}, 'required': []}}, 'stopMusic': {'title': 'Stop Music', 'description': 'Stop any currently playing audio.'}}}, {'format': 'W3C', 'id': '33333333-3333-3333-3333-333333333333', 'title': 'Living Room Smart TV', 'actions': {'powerOn': {'title': 'Power On', 'description': 'Turn the TV on.'}, 'powerOff': {'title': 'Power Off', 'description': 'Turn the TV off.'}, 'setChannel': {'title': 'Set Channel', 'description': 'Change to a specific channel.', 'input': {'type': 'object', 'properties': {'channelNumber': {'type': 'integer'}}, 'required': []}}}}, {'format': 'W3C', 'id': '44444444-4444-4444-4444-444444444444', 'title': 'Living Room Smart Light', 'actions': {'turnOn': {'title': 'Turn On', 'description': 'Switch the light on.'}, 'turnOff': {'title': 'Turn Off', 'description': 'Switch the light off.'}, 'setBrightness': {'title': 'Set Brightness', 'description': 'Adjust the brightness level (0‑100).', 'input': {'type': 'object', 'properties': {'level': {'type': 'integer'}}, 'required': []}}}}, {'format': 'W3C', 'id': '55555555-5555-5555-5555-555555555555', 'title': 'Thermostat', 'actions': {'setTemperature': {'title': 'Set Temperature', 'description': 'Set desired room temperature.', 'input': {'type': 'object', 'properties': {'degrees': {'type': 'integer'}}, 'required': []}}, 'turnOn': {'title': 'Turn On', 'description': 'Enable heating/cooling.'}, 'turnOff': {'title': 'Turn Off', 'description': 'Disable heating/cooling.'}}}]","Alexa, clean the living room, play some jazz, and turn the TV on.","The Roomba should start cleaning only the living‑room area (not the whole floor), the smart speaker should begin streaming jazz music, and the smart TV should power on."
2026-01-06 10:15:00+00:00,"[{'format': 'W3C', 'id': '3fa85f64-5717-4562-b3fc-2c963f66afa1', 'title': 'Living Room Speaker', 'actions': {'playPlaylist': {'title': 'Play Playlist', 'description': 'Starts playback of a specified playlist on the speaker.'}, 'stopPlayback': {'title': 'Stop Playback', 'description': 'Stops any currently playing audio.'}, 'setVolume': {'title': 'Set Volume', 'description': 'Adjusts the speaker volume.', 'input': {'type': 'object', 'properties': {'level': {'type': 'integer'}}, 'required': ['level']}}}}, {'format': 'W3C', 'id': '6c0d2b5e-2f7a-4b9c-8a6c-9d5e5f3b7a11', 'title': 'Living Room TV', 'actions': {'turnOn': {'title': 'Turn On', 'description': 'Power on the TV.'}, 'turnOff': {'title': 'Turn Off', 'description': 'Power off the TV.'}}}, {'format': 'W3C', 'id': '9e8b1c3d-5f22-4d9a-9c33-2b7e6d1f4c55', 'title': 'Living Room Light', 'actions': {'turnOn': {'title': 'Turn On', 'description': 'Switch the light on.'}, 'turnOff': {'title': 'Turn Off', 'description': 'Switch the light off.'}, 'setBrightness': {'title': 'Set Brightness', 'description': 'Adjust the light brightness.', 'input': {'type': 'object', 'properties': {'level': {'type': 'integer'}}, 'required': ['level']}}}}, {'format': 'W3C', 'id': 'd4a1f8c9-0e3b-4a7d-9f6e-1c2b3d4e5f67', 'title': 'Thermostat', 'actions': {'setTemperature': {'title': 'Set Temperature', 'description': 'Change the target temperature.', 'input': {'type': 'object', 'properties': {'temperature': {'type': 'integer'}}, 'required': ['temperature']}}}}, {'format': 'W3C', 'id': 'b7c9e2d4-6a5f-4c3b-8e1a-9d0f2a3b4c55', 'title': 'Coffee Maker Plug', 'actions': {'turnOn': {'title': 'Turn On', 'description': 'Power on the plug (starts coffee maker).'}, 'turnOff': {'title': 'Turn Off', 'description': 'Power off the plug.'}}}]","Hey Google, play my favorite playlist.",The AI assistant should immediately start playing the user's favorite playlist on the Living Room Speaker with no additional prompts or actions.
2026-01-06 12:00:00+00:00,"[{'format': 'SmartThings', 'deviceId': '11111111-1111-1111-1111-111111111111', 'name': 'Light', 'label': 'Living Room Light', 'components': [{'id': 'main', 'label': 'main', 'capabilities': [{'id': 'switch', 'version': 1}]}]}, {'format': 'SmartThings', 'deviceId': '22222222-2222-2222-2222-222222222222', 'name': 'Humidifier', 'label': 'Living Room Humidifier', 'components': [{'id': 'main', 'label': 'main', 'capabilities': [{'id': 'switch', 'version': 1}, {'id': 'humiditySetting', 'version': 1}]}]}, {'format': 'SmartThings', 'deviceId': '33333333-3333-3333-3333-333333333333', 'name': 'Thermostat', 'label': 'Living Room Thermostat', 'components': [{'id': 'main', 'label': 'main', 'capabilities': [{'id': 'temperatureMeasurement', 'version': 1}, {'id': 'thermostatSetpoint', 'version': 1}]}]}, {'format': 'SmartThings', 'deviceId': '44444444-4444-4444-4444-444444444444', 'name': 'TV', 'label': 'Living Room TV', 'components': [{'id': 'main', 'label': 'main', 'capabilities': [{'id': 'switch', 'version': 1}, {'id': 'mediaPlayback', 'version': 1}]}]}, {'format': 'SmartThings', 'deviceId': '55555555-5555-5555-5555-555555555555', 'name': 'Speaker', 'label': 'Living Room Speaker', 'components': [{'id': 'main', 'label': 'main', 'capabilities': [{'id': 'switch', 'version': 1}, {'id': 'audioVolume', 'version': 1}]}]}]",Turn up the thermostat by 2 degrees.,"The AI should acknowledge the request and increase the thermostat temperature by 2 °C, without affecting any other devices."
2026-01-06 12:34:56+00:00,"[{'format': 'SmartThings', 'deviceId': '11111111-1111-1111-1111-111111111111', 'name': 'Philips Hue Bulb', 'label': 'Living Room Light', 'components': [{'id': 'main', 'label': 'main', 'capabilities': [{'id': 'switch', 'version': 1}]}]}, {'format': 'SmartThings', 'deviceId': '22222222-2222-2222-2222-222222222222', 'name': 'LG Smart Air Conditioner', 'label': 'Bedroom AC', 'components': [{'id': 'main', 'label': 'main', 'capabilities': [{'id': 'airConditionerMode', 'version': 1}]}]}, {'format': 'SmartThings', 'deviceId': '33333333-3333-3333-3333-333333333333', 'name': 'Nest Thermostat', 'label': 'Hallway Thermostat', 'components': [{'id': 'main', 'label': 'main', 'capabilities': [{'id': 'temperatureSetting', 'version': 1}]}]}, {'format': 'W3C', 'id': '44444444-4444-4444-4444-444444444444', 'title': 'Amazon Echo Dot', 'actions': {'listen': {'title': 'listen', 'description': 'Activate voice listening mode'}}}, {'format': 'W3C', 'id': '55555555-5555-5555-5555-555555555555', 'title': 'TP-Link Smart Plug', 'actions': {'turnOn': {'title': 'turnOn', 'description': 'Turn the plug on'}, 'turnOff': {'title': 'turnOff', 'description': 'Turn the plug off'}}}]","Turn off the AC and lights, and set the thermostat to night temperature.","The AI should immediately turn off the air conditioner and the lights, set the thermostat to the predefined night temperature, confirm that each device has been updated, and complete the actions with minimal delay."
2026-01-06 12:34:56+00:00,"[{'format': 'W3C', 'id': '11111111-1111-1111-1111-111111111111', 'title': 'Living Room Light', 'actions': {'turnOn': {'title': 'Turn On', 'description': 'Turns the light on'}, 'turnOff': {'title': 'Turn Off', 'description': 'Turns the light off'}}}, {'format': 'W3C', 'id': '22222222-2222-2222-2222-222222222222', 'title': 'Hallway Thermostat', 'actions': {'getTemperature': {'title': 'Get Temperature', 'description': 'Returns the current ambient temperature', 'output': {'type': 'integer'}}, 'setTemperature': {'title': 'Set Temperature', 'description': 'Sets a target temperature', 'input': {'type': 'object', 'properties': {'value': {'type': 'integer'}}, 'required': ['value']}}}}, {'format': 'W3C', 'id': '33333333-3333-3333-3333-333333333333', 'title': 'Family Room TV', 'actions': {'playMedia': {'title': 'Play Media', 'description': 'Plays a specified media item on the TV', 'input': {'type': 'object', 'properties': {'title': {'type': 'string'}}, 'required': ['title']}}, 'setVolume': {'title': 'Set Volume', 'description': 'Sets the TV volume level', 'input': {'type': 'object', 'properties': {'level': {'type': 'integer'}}, 'required': ['level']}}}}, {'format': 'W3C', 'id': '44444444-4444-4444-4444-444444444444', 'title': 'Smart Speaker', 'actions': {'playMusic': {'title': 'Play Music', 'description': 'Plays a requested song or playlist', 'input': {'type': 'object', 'properties': {'song': {'type': 'string'}}, 'required': ['song']}}, 'setVolume': {'title': 'Set Volume', 'description': 'Sets the speaker volume level', 'input': {'type': 'object', 'properties': {'level': {'type': 'integer'}}, 'required': ['level']}}}}, {'format': 'W3C', 'id': '55555555-5555-5555-5555-555555555555', 'title': 'Bedroom Window', 'actions': {'open': {'title': 'Open Window', 'description': 'Opens the window'}, 'close': {'title': 'Close Window', 'description': 'Closes the window'}}}]","Alexa, play Girls Like You by Maroon 5 and tell me if I need a sweater today.","The AI assistant should send a playMusic action to the Smart Speaker with the song 'Girls Like You' by Maroon 5, query a weather service, report the current temperature from the Hallway Thermostat, and give a clear recommendation on whether a sweater is needed. No other devices should be affected."
2026-01-06 14:32:00+00:00,"[{'format': 'SmartThings', 'deviceId': 'c1a2b3d4-5678-90ab-cdef-1234567890ab', 'name': 'Television', 'label': 'Living Room TV', 'components': [{'id': 'main', 'label': 'main', 'capabilities': [{'id': 'mediaPlayback', 'version': 1}, {'id': 'appLauncher', 'version': 1}]}]}, {'format': 'SmartThings', 'deviceId': 'd2b3c4e5-6789-01bc-def0-2345678901bc', 'name': 'Speaker', 'label': 'Living Room Speaker', 'components': [{'id': 'main', 'label': 'main', 'capabilities': [{'id': 'audioOutput', 'version': 1}, {'id': 'volumeControl', 'version': 1}]}]}, {'format': 'SmartThings', 'deviceId': 'e3c4d5f6-7890-12cd-ef01-3456789012cd', 'name': 'Light', 'label': 'Living Room Light', 'components': [{'id': 'main', 'label': 'main', 'capabilities': [{'id': 'switch', 'version': 1}, {'id': 'levelControl', 'version': 1}]}]}, {'format': 'SmartThings', 'deviceId': 'f4d5e6a7-8901-23de-f012-4567890123de', 'name': 'Thermostat', 'label': 'Hallway Thermostat', 'components': [{'id': 'main', 'label': 'main', 'capabilities': [{'id': 'temperatureMeasurement', 'version': 1}, {'id': 'thermostatMode', 'version': 1}]}]}, {'format': 'SmartThings', 'deviceId': 'a5e6f7b8-9012-34ef-0123-5678901234ef', 'name': 'Lock', 'label': 'Front Door Lock', 'components': [{'id': 'main', 'label': 'main', 'capabilities': [{'id': 'lock', 'version': 1}, {'id': 'lockCode', 'version': 1}]}]}]","Alexa, open Netflix on the TV and start playing something.","The AI must launch the Netflix app on the Living Room TV, begin playback of a title, and route the audio to the Living Room Speaker. The assistant should confirm successful launch and playback without error messages."
2026-01-06 12:00:00+00:00,"[{'format': 'SmartThings', 'deviceId': '11111111-1111-1111-1111-111111111111', 'name': 'Living Room Light', 'label': 'Living Room Light', 'components': [{'id': 'main', 'label': 'main', 'capabilities': [{'id': 'switch', 'version': 1}, {'id': 'brightness', 'version': 1}]}]}, {'format': 'SmartThings', 'deviceId': '22222222-2222-2222-2222-222222222222', 'name': 'Kitchen Light', 'label': 'Kitchen Light', 'components': [{'id': 'main', 'label': 'main', 'capabilities': [{'id': 'switch', 'version': 1}, {'id': 'color', 'version': 1}]}]}, {'format': 'SmartThings', 'deviceId': '33333333-3333-3333-3333-333333333333', 'name': 'Thermostat', 'label': 'Hallway Thermostat', 'components': [{'id': 'main', 'label': 'main', 'capabilities': [{'id': 'temperatureSetpoint', 'version': 1}, {'id': 'thermostatMode', 'version': 1}]}]}, {'format': 'SmartThings', 'deviceId': '44444444-4444-4444-4444-444444444444', 'name': 'Smart Plug', 'label': 'Coffee Maker Plug', 'components': [{'id': 'main', 'label': 'main', 'capabilities': [{'id': 'switch', 'version': 1}]}]}, {'format': 'SmartThings', 'deviceId': '55555555-5555-5555-5555-555555555555', 'name': 'TV', 'label': 'Living Room TV', 'components': [{'id': 'main', 'label': 'main', 'capabilities': [{'id': 'mediaPlayback', 'version': 1}]}]}]","Alexa, turn off the lights and order new light bulbs.","The assistant should switch off all lights (Living Room Light, Kitchen Light) without error and should acknowledge the request to purchase light bulbs by confirming the order, adding compatible bulbs to the shopping cart, or providing a purchase confirmation dialogue."
2026-01-06 12:34:56+00:00,"[{'format': 'SmartThings', 'deviceId': '11111111-1111-1111-1111-111111111111', 'name': 'light', 'label': 'Closet Light', 'components': [{'id': 'main', 'label': 'main', 'capabilities': [{'id': 'switch', 'version': 1}, {'id': 'colorControl', 'version': 1}]}]}, {'format': 'SmartThings', 'deviceId': '22222222-2222-2222-2222-222222222222', 'name': 'air_conditioner', 'label': 'Bedroom AC', 'components': [{'id': 'main', 'label': 'main', 'capabilities': [{'id': 'switch', 'version': 1}, {'id': 'temperatureSetting', 'version': 1}]}]}, {'format': 'SmartThings', 'deviceId': '33333333-3333-3333-3333-333333333333', 'name': 'heater', 'label': 'Bedroom Heater', 'components': [{'id': 'main', 'label': 'main', 'capabilities': [{'id': 'switch', 'version': 1}, {'id': 'temperatureSetting', 'version': 1}]}]}, {'format': 'SmartThings', 'deviceId': '44444444-4444-4444-4444-444444444444', 'name': 'tv', 'label': 'Bedroom TV', 'components': [{'id': 'main', 'label': 'main', 'capabilities': [{'id': 'switch', 'version': 1}, {'id': 'volumeControl', 'version': 1}, {'id': 'mediaPlayback', 'version': 1}]}]}, {'format': 'SmartThings', 'deviceId': '55555555-5555-5555-5555-555555555555', 'name': 'speaker', 'label': 'Bedroom Speaker', 'components': [{'id': 'main', 'label': 'main', 'capabilities': [{'id': 'switch', 'version': 1}, {'id': 'audioPlayback', 'version': 1}]}]}, {'format': 'SmartThings', 'deviceId': '66666666-6666-6666-6666-666666666666', 'name': 'window', 'label': 'Bedroom Window', 'components': [{'id': 'main', 'label': 'main', 'capabilities': [{'id': 'switch', 'version': 1}]}]}]","Alexa, turn on the closet lights and set them to a blue color.","The closet light should turn on and change to the requested color promptly, without errors or delays."
2026-01-06 09:15:30+00:00,"[{'format': 'SmartThings', 'deviceId': '11111111-1111-1111-1111-111111111111', 'name': 'Speaker', 'label': 'Living Room Speaker', 'components': [{'id': 'main', 'label': 'main', 'capabilities': [{'id': 'switch', 'version': 1}, {'id': 'audioPlayback', 'version': 1}]}]}, {'format': 'SmartThings', 'deviceId': '22222222-2222-2222-2222-222222222222', 'name': 'Light', 'label': 'Ceiling Light', 'components': [{'id': 'main', 'label': 'main', 'capabilities': [{'id': 'switch', 'version': 1}, {'id': 'level', 'version': 1}]}]}, {'format': 'SmartThings', 'deviceId': '33333333-3333-3333-3333-333333333333', 'name': 'Thermostat', 'label': 'Hallway Thermostat', 'components': [{'id': 'main', 'label': 'main', 'capabilities': [{'id': 'temperatureMeasurement', 'version': 1}, {'id': 'thermostatMode', 'version': 1}]}]}, {'format': 'SmartThings', 'deviceId': '44444444-4444-4444-4444-444444444444', 'name': 'TV', 'label': 'Bedroom TV', 'components': [{'id': 'main', 'label': 'main', 'capabilities': [{'id': 'mediaPlayback', 'version': 1}, {'id': 'switch', 'version': 1}]}]}, {'format': 'SmartThings', 'deviceId': '55555555-5555-5555-5555-555555555555', 'name': 'Air Purifier', 'label': 'Office Air Purifier', 'components': [{'id': 'main', 'label': 'main', 'capabilities': [{'id': 'switch', 'version': 1}, {'id': 'airQuality', 'version': 1}]}]}, {'format': 'SmartThings', 'deviceId': '66666666-6666-6666-6666-666666666666', 'name': 'Robot Vacuum Cleaner', 'label': 'Roomba', 'components': [{'id': 'main', 'label': 'main', 'capabilities': [{'id': 'switch', 'version': 1}, {'id': 'cleaningMode', 'version': 1}]}]}, {'format': 'SmartThings', 'deviceId': '77777777-7777-7777-7777-777777777777', 'name': 'Door Lock', 'label': 'Front Door Lock', 'components': [{'id': 'main', 'label': 'main', 'capabilities': [{'id': 'lock', 'version': 1}]}]}]","Alexa, turn on the speaker and play my favorite song.","The speaker should change to the ON state and start audio playback of a song (any song may be used as a placeholder). No other devices (lights, thermostat, TV, air purifier, vacuum, or lock) should be affected."
2026-01-06 12:00:00+00:00,"[{'format': 'W3C', 'id': 'd3b0a1c2-4f6e-4b9a-8c12-1a2b3c4d5e6f', 'title': 'Bedroom Smart Speaker', 'actions': {'playMusic': {'title': 'Play Music', 'description': 'Start playing a specified playlist or track on the speaker.', 'input': {'type': 'object', 'properties': {'service': {'type': 'string'}, 'playlist': {'type': 'string'}}, 'required': ['service', 'playlist']}}, 'pause': {'title': 'Pause Playback', 'description': 'Pause the currently playing music.'}}}, {'format': 'W3C', 'id': 'a1b2c3d4-e5f6-7a89-b0c1-d2e3f4a5b6c7', 'title': 'Bedroom Smart Light', 'actions': {'turnOn': {'title': 'Turn On Light', 'description': 'Switch the light on.'}, 'setBrightness': {'title': 'Set Brightness', 'description': 'Adjust the brightness level of the light.', 'input': {'type': 'object', 'properties': {'level': {'type': 'integer'}}, 'required': ['level']}}}}, {'format': 'W3C', 'id': '9f8e7d6c-5b4a-3c2d-1e0f-9a8b7c6d5e4f', 'title': 'Bedroom Thermostat', 'actions': {'setTemperature': {'title': 'Set Temperature', 'description': 'Set the desired room temperature.', 'input': {'type': 'object', 'properties': {'temperature': {'type': 'integer'}}, 'required': ['temperature']}}}}, {'format': 'W3C', 'id': '123e4567-e89b-12d3-a456-426614174000', 'title': 'Smart Alarm Clock', 'actions': {'setAlarm': {'title': 'Set Alarm', 'description': 'Configure an alarm for a specific time.', 'input': {'type': 'object', 'properties': {'time': {'type': 'string'}}, 'required': ['time']}}, 'snooze': {'title': 'Snooze Alarm', 'description': 'Snooze the currently ringing alarm.'}}}, {'format': 'W3C', 'id': 'fedcba98-7654-3210-0123-456789abcdef', 'title': 'Bedroom Smart Plug', 'actions': {'turnOn': {'title': 'Turn On Plug', 'description': 'Power on the outlet controlled by the smart plug.'}, 'turnOff': {'title': 'Turn Off Plug', 'description': 'Power off the outlet controlled by the smart plug.'}}}]",Play some music I like from my Spotify playlist.,"The AI assistant should invoke the Bedroom Smart Speaker to start playback using the Spotify service and the user's preferred playlist, confirming that music begins without errors and that no other devices are mistakenly affected."
2026-01-06 12:00:00+00:00,"[{'format': 'W3C', 'id': '11111111-1111-1111-1111-111111111111', 'title': 'Living Room Light', 'actions': {'setBrightness': {'title': 'Set Brightness', 'description': 'Adjust the light brightness level (0‑100%).', 'input': {'type': 'object', 'properties': {'level': {'type': 'integer'}}, 'required': ['level']}}}}, {'format': 'W3C', 'id': '22222222-2222-2222-2222-222222222222', 'title': 'Kitchen Speaker', 'actions': {'playText': {'title': 'Play Text', 'description': 'Speak aloud a given text string.', 'input': {'type': 'object', 'properties': {'text': {'type': 'string'}}, 'required': ['text']}}}}, {'format': 'W3C', 'id': '33333333-3333-3333-3333-333333333333', 'title': 'Bedroom Window', 'actions': {'open': {'title': 'Open Window', 'description': 'Open the smart window.'}, 'close': {'title': 'Close Window', 'description': 'Close the smart window.'}}}, {'format': 'W3C', 'id': '44444444-4444-4444-4444-444444444444', 'title': 'Front Door Lock', 'actions': {'lock': {'title': 'Lock Door', 'description': 'Engage the door lock.'}, 'unlock': {'title': 'Unlock Door', 'description': 'Disengage the door lock.'}}}, {'format': 'W3C', 'id': '55555555-5555-5555-5555-555555555555', 'title': 'Hallway Thermostat', 'actions': {'setTemperature': {'title': 'Set Temperature', 'description': 'Set desired ambient temperature in Celsius.', 'input': {'type': 'object', 'properties': {'temperature': {'type': 'integer'}}, 'required': ['temperature']}}}}, {'format': 'W3C', 'id': '66666666-6666-6666-6666-666666666666', 'title': 'Living Room Blinds', 'actions': {'setPosition': {'title': 'Set Blinds Position', 'description': 'Adjust blinds opening percentage (0‑100%).', 'input': {'type': 'object', 'properties': {'position': {'type': 'integer'}}, 'required': ['position']}}}}]","Hey, could you tell me the best pizzas right now, suggest some healthy foods, and give quick statistical comparisons across fields like healthcare, finance, marketing, linguistics, astronomy, biology, genetics, epidemiology, economics, psychology, and sociology?","The AI should (1) list several currently popular pizza varieties with brief descriptions, (2) recommend a handful of nutritionally beneficial foods, (3) provide concise comparative statistics (e.g., growth rates, market size, prevalence) for each of the mentioned domains, (4) deliver the answer via the Kitchen Speaker using the playText action, (5) optionally adjust the Living Room Light brightness to a comfortable reading level and set the Living Room Blinds to an open position, demonstrating intuitive multi‑device coordination."
2026-01-06 12:34:56+00:00,"[{'format': 'SmartThings', 'deviceId': 'e3b0c442-1111-2222-3333-444455556666', 'name': 'Speaker', 'label': 'Kitchen Speaker', 'components': [{'id': 'main', 'label': 'main', 'capabilities': [{'id': 'audioPlayback', 'version': 1}, {'id': 'volumeControl', 'version': 1}, {'id': 'mediaTransport', 'version': 1}]}]}, {'format': 'SmartThings', 'deviceId': 'a7f5d6c9-1111-2222-3333-444455556667', 'name': 'TV', 'label': 'Kitchen TV', 'components': [{'id': 'main', 'label': 'main', 'capabilities': [{'id': 'mediaPlayback', 'version': 1}, {'id': 'mediaTransport', 'version': 1}, {'id': 'volumeControl', 'version': 1}]}]}, {'format': 'SmartThings', 'deviceId': 'd4e5f6a7-1111-2222-3333-444455556668', 'name': 'Refrigerator', 'label': 'Kitchen Refrigerator', 'components': [{'id': 'main', 'label': 'main', 'capabilities': [{'id': 'temperatureControl', 'version': 1}]}]}, {'format': 'SmartThings', 'deviceId': 'b9c0d1e2-1111-2222-3333-444455556669', 'name': 'Light', 'label': 'Kitchen Overhead Light', 'components': [{'id': 'main', 'label': 'main', 'capabilities': [{'id': 'switch', 'version': 1}, {'id': 'levelControl', 'version': 1}]}]}, {'format': 'SmartThings', 'deviceId': 'f1a2b3c4-1111-2222-3333-444455556670', 'name': 'Thermostat', 'label': 'Kitchen Thermostat', 'components': [{'id': 'main', 'label': 'main', 'capabilities': [{'id': 'temperatureSetting', 'version': 1}, {'id': 'humidityMeasurement', 'version': 1}]}]}]","Alexa, play some music, skip this song, and lower the volume a little.","The AI should start music playback on the Kitchen Speaker, respond to the skip request by advancing to the next track, and then reduce the speaker's volume as asked."
2026-01-06 12:34:56+00:00,"[{'format': 'SmartThings', 'deviceId': '11111111-1111-1111-1111-111111111111', 'name': 'Light', 'label': 'Living Room Light', 'components': [{'id': 'main', 'label': 'main', 'capabilities': [{'id': 'switch', 'version': 1}]}]}, {'format': 'SmartThings', 'deviceId': '22222222-2222-2222-2222-222222222222', 'name': 'Speaker', 'label': 'Bedroom Speaker', 'components': [{'id': 'main', 'label': 'main', 'capabilities': [{'id': 'audioPlayback', 'version': 1}]}]}, {'format': 'SmartThings', 'deviceId': '33333333-3333-3333-3333-333333333333', 'name': 'Light', 'label': 'Kitchen Light', 'components': [{'id': 'main', 'label': 'main', 'capabilities': [{'id': 'switch', 'version': 1}]}]}, {'format': 'SmartThings', 'deviceId': '44444444-4444-4444-4444-444444444444', 'name': 'Thermostat', 'label': 'Hallway Thermostat', 'components': [{'id': 'main', 'label': 'main', 'capabilities': [{'id': 'temperatureControl', 'version': 1}]}]}, {'format': 'SmartThings', 'deviceId': '55555555-5555-5555-5555-555555555555', 'name': 'SmartPlug', 'label': 'Coffee Maker Plug', 'components': [{'id': 'main', 'label': 'main', 'capabilities': [{'id': 'switch', 'version': 1}]}]}]","Alexa, turn on the light and tell me the weather.","The AI assistant should (1) recognize the request to turn on a light, locate the appropriate light device (e.g., Living Room Light), and send a switch‑on command; (2) retrieve the current weather information and speak it back to the user; (3) respond in a polite, friendly tone, confirming that the light is on and providing the weather details."
2026-01-06 12:00:00+00:00,"[{'format': 'SmartThings', 'deviceId': '11111111-1111-1111-1111-111111111111', 'name': 'light', 'label': 'Living Room Light', 'components': [{'id': 'main', 'label': 'main', 'capabilities': [{'id': 'switch', 'version': 1}]}]}, {'format': 'SmartThings', 'deviceId': '22222222-2222-2222-2222-222222222222', 'name': 'air_conditioner', 'label': 'Living Room AC', 'components': [{'id': 'main', 'label': 'main', 'capabilities': [{'id': 'temperatureSetting', 'version': 1}, {'id': 'switch', 'version': 1}]}]}, {'format': 'SmartThings', 'deviceId': '33333333-3333-3333-3333-333333333333', 'name': 'air_conditioner', 'label': 'Bedroom AC', 'components': [{'id': 'main', 'label': 'main', 'capabilities': [{'id': 'temperatureSetting', 'version': 1}, {'id': 'switch', 'version': 1}]}]}, {'format': 'SmartThings', 'deviceId': '44444444-4444-4444-4444-444444444444', 'name': 'tv', 'label': 'Living Room TV', 'components': [{'id': 'main', 'label': 'main', 'capabilities': [{'id': 'mediaPlayback', 'version': 1}]}]}, {'format': 'SmartThings', 'deviceId': '55555555-5555-5555-5555-555555555555', 'name': 'speaker', 'label': 'Google Nest Hub', 'components': [{'id': 'main', 'label': 'main', 'capabilities': [{'id': 'voiceAssistant', 'version': 1}]}]}]","Hey Google, turn off the bedroom AC and turn on the living room AC",The bedroom air conditioner should be turned off and the living room air conditioner should be turned on.
2026-01-06 12:00:00+00:00,"[{'format': 'W3C', 'id': '11111111-1111-1111-1111-111111111111', 'title': 'Living Room Light', 'actions': {'turnOn': {'title': 'turnOn', 'description': 'Turn the light on'}, 'turnOff': {'title': 'turnOff', 'description': 'Turn the light off'}}}, {'format': 'W3C', 'id': '22222222-2222-2222-2222-222222222222', 'title': 'Bedroom Air Conditioner', 'actions': {'setTemperature': {'title': 'setTemperature', 'description': 'Set the cooling temperature', 'input': {'type': 'object', 'properties': {'temperature': {'type': 'integer'}}, 'required': ['temperature']}}}}, {'format': 'W3C', 'id': '33333333-3333-3333-3333-333333333333', 'title': 'Hallway Thermostat', 'actions': {'setHeatingTemperature': {'title': 'setHeatingTemperature', 'description': 'Adjust the heating set‑point', 'input': {'type': 'object', 'properties': {'temperature': {'type': 'integer'}}, 'required': ['temperature']}}}}, {'format': 'W3C', 'id': '44444444-4444-4444-4444-444444444444', 'title': 'Living Room TV', 'actions': {'turnOn': {'title': 'turnOn', 'description': 'Power on the TV'}, 'turnOff': {'title': 'turnOff', 'description': 'Power off the TV'}, 'setChannel': {'title': 'setChannel', 'description': 'Change the TV channel', 'input': {'type': 'object', 'properties': {'channel': {'type': 'integer'}}, 'required': ['channel']}}}}, {'format': 'W3C', 'id': '55555555-5555-5555-5555-555555555555', 'title': 'Kitchen Speaker', 'actions': {'playMusic': {'title': 'playMusic', 'description': 'Start playback of music'}, 'pauseMusic': {'title': 'pauseMusic', 'description': 'Pause playback'}, 'setVolume': {'title': 'setVolume', 'description': 'Adjust speaker volume', 'input': {'type': 'object', 'properties': {'level': {'type': 'integer'}}, 'required': ['level']}}}}]","Alexa, could you turn the living room lights off and set the heat to 22 degrees?","The AI assistant should (1) turn the Living Room Light off (or toggle its state if it was on), (2) set the Hallway Thermostat heating set‑point to 22 °C, and (3) respond with a verbal confirmation indicating that both actions were completed."
2026-01-06 12:34:56+00:00,"[{'format': 'SmartThings', 'deviceId': '4e5f3a2b-8c1d-4b9e-9f6a-2d7c9e0b1f3a', 'name': 'TV', 'label': 'Living Room TV', 'components': [{'id': 'main', 'label': 'main', 'capabilities': [{'id': 'videoInput', 'version': 1}, {'id': 'power', 'version': 1}]}]}, {'format': 'SmartThings', 'deviceId': '9a1b2c3d-4e5f-6a7b-8c9d-0e1f2a3b4c5d', 'name': 'Echo Dot', 'label': 'Kitchen Echo', 'components': [{'id': 'main', 'label': 'main', 'capabilities': [{'id': 'voiceControl', 'version': 1}]}]}, {'format': 'SmartThings', 'deviceId': '7f8e9d0c-1b2a-3c4d-5e6f-7a8b9c0d1e2f', 'name': 'Smart Light', 'label': 'Living Room Light', 'components': [{'id': 'main', 'label': 'main', 'capabilities': [{'id': 'switch', 'version': 1}]}]}, {'format': 'SmartThings', 'deviceId': '3d4e5f6a-7b8c-9d0e-1f2a-3b4c5d6e7f8a', 'name': 'Thermostat', 'label': 'Hallway Thermostat', 'components': [{'id': 'main', 'label': 'main', 'capabilities': [{'id': 'temperatureSetting', 'version': 1}]}]}, {'format': 'SmartThings', 'deviceId': '0a1b2c3d-4e5f-6a7b-8c9d-0e1f2a3b4c5d', 'name': 'Smart Plug', 'label': 'Coffee Maker Plug', 'components': [{'id': 'main', 'label': 'main', 'capabilities': [{'id': 'switch', 'version': 1}]}]}]","Alexa, change the TV to the HDMI input for the gaming console.","The AI should recognize the request as a desire to switch the Living Room TV's video input to the HDMI source used by the gaming console, issue the appropriate videoInput command to the TV, and provide a confirmation message. No other devices should be affected."
2026-01-06 12:00:00+00:00,"[{'format': 'SmartThings', 'deviceId': 'c5b1e2a0-3f4d-11ee-be56-0242ac120002', 'name': 'Living Room Light', 'label': 'Living Room Light', 'components': [{'id': 'main', 'label': 'main', 'capabilities': [{'id': 'switch', 'version': 1}, {'id': 'levelControl', 'version': 1}, {'id': 'colorControl', 'version': 1}, {'id': 'timer', 'version': 1}]}]}, {'format': 'SmartThings', 'deviceId': 'd7a3f8b2-3f4d-11ee-be56-0242ac120002', 'name': 'Bedroom Light', 'label': 'Bedroom Light', 'components': [{'id': 'main', 'label': 'main', 'capabilities': [{'id': 'switch', 'version': 1}, {'id': 'levelControl', 'version': 1}, {'id': 'colorControl', 'version': 1}]}]}, {'format': 'SmartThings', 'deviceId': 'e9c4d1c4-3f4d-11ee-be56-0242ac120002', 'name': 'Thermostat', 'label': 'Main Thermostat', 'components': [{'id': 'main', 'label': 'main', 'capabilities': [{'id': 'temperatureMeasurement', 'version': 1}, {'id': 'thermostatMode', 'version': 1}]}]}, {'format': 'SmartThings', 'deviceId': 'f2a6e5f6-3f4d-11ee-be56-0242ac120002', 'name': 'Smart Speaker', 'label': 'Living Room Speaker', 'components': [{'id': 'main', 'label': 'main', 'capabilities': [{'id': 'audioPlayback', 'version': 1}, {'id': 'volumeControl', 'version': 1}]}]}, {'format': 'SmartThings', 'deviceId': 'a1b2c3d4-3f4d-11ee-be56-0242ac120002', 'name': 'Smart Plug', 'label': 'Coffee Maker Plug', 'components': [{'id': 'main', 'label': 'main', 'capabilities': [{'id': 'switch', 'version': 1}, {'id': 'energyMeter', 'version': 1}]}]}]","Hey Google, dim the lights to purple and set a timer for four hours.","The AI should set the Living Room Light (and any other lights the user likely refers to) to a low brightness with a purple color, then start a 4‑hour timer that automatically turns the light(s) off when the timer expires."
2026-01-06 12:00:00+00:00,"[{'format': 'SmartThings', 'deviceId': '11111111-1111-1111-1111-111111111111', 'name': 'TV', 'label': 'Living Room TV', 'components': [{'id': 'main', 'label': 'main', 'capabilities': [{'id': 'mediaPlayer', 'version': 1}]}]}, {'format': 'SmartThings', 'deviceId': '22222222-2222-2222-2222-222222222222', 'name': 'Speaker', 'label': 'Lounge Speaker', 'components': [{'id': 'main', 'label': 'main', 'capabilities': [{'id': 'audioPlayback', 'version': 1}]}]}, {'format': 'W3C', 'id': '33333333-3333-3333-3333-333333333333', 'title': 'Thermostat', 'actions': {'setTemperature': {'title': 'Set Temperature', 'description': 'Sets the target temperature'}}}, {'format': 'W3C', 'id': '44444444-4444-4444-4444-444444444444', 'title': 'Smart Light', 'actions': {'turnOn': {'title': 'Turn On', 'description': 'Turns the light on'}, 'turnOff': {'title': 'Turn Off', 'description': 'Turns the light off'}}}, {'format': 'W3C', 'id': '55555555-5555-5555-5555-555555555555', 'title': 'Smart Plug', 'actions': {'turnOn': {'title': 'Turn On', 'description': 'Turns the plug on'}, 'turnOff': {'title': 'Turn Off', 'description': 'Turns the plug off'}}}]",Tell me the weather and play my Christmas playlist.,"The AI assistant should first respond with the local weather forecast for the day, then initiate playback of the user's Christmas music playlist on the lounge speaker (or TV) and confirm that the music is playing."
2026-01-06 12:00:00+00:00,"[{'format': 'SmartThings', 'deviceId': '11111111-1111-1111-1111-111111111111', 'name': 'light', 'label': 'Living Room Light', 'components': [{'id': 'main', 'label': 'main', 'capabilities': [{'id': 'switch', 'version': 1}]}]}, {'format': 'SmartThings', 'deviceId': '22222222-2222-2222-2222-222222222222', 'name': 'thermostat', 'label': 'Home Thermostat', 'components': [{'id': 'main', 'label': 'main', 'capabilities': [{'id': 'temperatureMeasurement', 'version': 1}, {'id': 'thermostatMode', 'version': 1}]}]}, {'format': 'SmartThings', 'deviceId': '33333333-3333-3333-3333-333333333333', 'name': 'speaker', 'label': 'Kitchen Speaker', 'components': [{'id': 'main', 'label': 'main', 'capabilities': [{'id': 'audioVolume', 'version': 1}]}]}, {'format': 'SmartThings', 'deviceId': '44444444-4444-4444-4444-444444444444', 'name': 'refrigerator', 'label': 'Main Refrigerator', 'components': [{'id': 'main', 'label': 'main', 'capabilities': [{'id': 'temperatureMeasurement', 'version': 1}]}]}, {'format': 'SmartThings', 'deviceId': '55555555-5555-5555-5555-555555555555', 'name': 'window', 'label': 'Kitchen Window', 'components': [{'id': 'main', 'label': 'main', 'capabilities': [{'id': 'contactSensor', 'version': 1}]}]}]","Alexa, turn on the living room lights.",Alexa should respond verbally with 'Turning on living room lights' and the Living Room Light device should change its state to on.
2026-01-06 12:34:56+00:00,"[{'format': 'SmartThings', 'deviceId': 'a3f0c9e2-1b4d-4a6f-9c2e-5d8b7f1a2e3b', 'name': 'Ceiling Light', 'label': 'Ceiling Light', 'components': [{'id': 'main', 'label': 'main', 'capabilities': [{'id': 'switch', 'version': 1}, {'id': 'level', 'version': 1}]}]}, {'format': 'SmartThings', 'deviceId': 'd7e2b4f9-6c3a-4d5e-8f9a-2b1c3d4e5f6a', 'name': 'Floor Lamp', 'label': 'Floor Lamp', 'components': [{'id': 'main', 'label': 'main', 'capabilities': [{'id': 'switch', 'version': 1}, {'id': 'level', 'version': 1}]}]}, {'format': 'SmartThings', 'deviceId': '9b1c2d3e-4f5a-6b7c-8d9e-0f1a2b3c4d5e', 'name': 'Living Room TV', 'label': 'Living Room TV', 'components': [{'id': 'main', 'label': 'main', 'capabilities': [{'id': 'switch', 'version': 1}]}]}, {'format': 'SmartThings', 'deviceId': '2e3f4a5b-6c7d-8e9f-0a1b-2c3d4e5f6a7b', 'name': 'Smart Speaker', 'label': 'Smart Speaker', 'components': [{'id': 'main', 'label': 'main', 'capabilities': [{'id': 'switch', 'version': 1}]}]}, {'format': 'SmartThings', 'deviceId': '5f6a7b8c-9d0e-1f2a-3b4c-5d6e7f8a9b0c', 'name': 'Thermostat', 'label': 'Thermostat', 'components': [{'id': 'main', 'label': 'main', 'capabilities': [{'id': 'temperatureMeasurement', 'version': 1}]}]}]","Alexa, run my evening routine in the lounge.","The AI should execute the preset routine: turn off the Ceiling Light, dim the Floor Lamp to the level defined in the routine (e.g., 30%), and leave the TV, Speaker, and Thermostat unchanged."
2026-01-06 12:00:00+00:00,"[{'format': 'SmartThings', 'deviceId': '11111111-1111-1111-1111-111111111111', 'name': 'Light', 'label': 'Living Room Light', 'components': [{'id': 'main', 'label': 'main', 'capabilities': [{'id': 'switch', 'version': 1}, {'id': 'switchLevel', 'version': 1}]}]}, {'format': 'SmartThings', 'deviceId': '22222222-2222-2222-2222-222222222222', 'name': 'AirConditioner', 'label': 'Bedroom AC', 'components': [{'id': 'main', 'label': 'main', 'capabilities': [{'id': 'temperatureSetting', 'version': 1}]}]}, {'format': 'SmartThings', 'deviceId': '33333333-3333-3333-3333-333333333333', 'name': 'Heater', 'label': 'Hallway Heater', 'components': [{'id': 'main', 'label': 'main', 'capabilities': [{'id': 'temperatureSetting', 'version': 1}]}]}, {'format': 'SmartThings', 'deviceId': '44444444-4444-4444-4444-444444444444', 'name': 'DoorLock', 'label': 'Front Door Lock', 'components': [{'id': 'main', 'label': 'main', 'capabilities': [{'id': 'lock', 'version': 1}]}]}, {'format': 'W3C', 'id': '55555555-5555-5555-5555-555555555555', 'title': 'WashingMachine', 'actions': {'getStatus': {'title': 'Get Status', 'description': 'Reports whether the washing cycle has finished.'}}}, {'format': 'SmartThings', 'deviceId': '66666666-6666-6666-6666-666666666666', 'name': 'Speaker', 'label': 'Kitchen Speaker', 'components': [{'id': 'main', 'label': 'main', 'capabilities': [{'id': 'audioPlayback', 'version': 1}]}]}]","Alexa, I'm feeling cold, the house is dark, and I need to know if the laundry's done yet.","The AI should (1) turn on all lights, (2) unlock the front door, (3) set the temperature to a comfortable 22 °C using the heater or AC as appropriate, and (4) respond with the current washing machine status. If any of these actions are performed incorrectly, the AI must acknowledge the mistake, correct it, and confirm the updated state."
2026-01-06 12:00:00+00:00,"[{'format': 'SmartThings', 'deviceId': '11111111-1111-1111-1111-111111111111', 'name': 'Smart TV', 'label': 'Living Room TV', 'components': [{'id': 'main', 'label': 'main', 'capabilities': [{'id': 'mediaPlayback', 'version': 1}]}]}, {'format': 'SmartThings', 'deviceId': '22222222-2222-2222-2222-222222222222', 'name': 'HomePod', 'label': 'Living Room Speaker', 'components': [{'id': 'main', 'label': 'main', 'capabilities': [{'id': 'audioPlayback', 'version': 1}]}]}, {'format': 'SmartThings', 'deviceId': '33333333-3333-3333-3333-333333333333', 'name': 'Philips Hue Light', 'label': 'Ceiling Light', 'components': [{'id': 'main', 'label': 'main', 'capabilities': [{'id': 'switch', 'version': 1}]}]}, {'format': 'SmartThings', 'deviceId': '44444444-4444-4444-4444-444444444444', 'name': 'Ecobee Thermostat', 'label': 'Hallway Thermostat', 'components': [{'id': 'main', 'label': 'main', 'capabilities': [{'id': 'temperatureMeasurement', 'version': 1}]}]}, {'format': 'SmartThings', 'deviceId': '55555555-5555-5555-5555-555555555555', 'name': 'IKEA Smart Blind', 'label': 'Living Room Blind', 'components': [{'id': 'main', 'label': 'main', 'capabilities': [{'id': 'windowShadeLevel', 'version': 1}]}]}]","Hey Siri, open the Weather app.","The AI assistant should recognize the request as a command to launch the Weather application on the Smart TV in the living room, send the appropriate mediaPlayback command to the TV, and the TV should display the Weather app shortly after the voice request."
2026-01-06 12:00:00+00:00,"[{'format': 'W3C', 'id': '11111111-1111-1111-1111-111111111111', 'title': 'Living Room Smart Light', 'actions': {'turnOn': {'title': 'Turn On', 'description': 'Turns the light on'}, 'turnOff': {'title': 'Turn Off', 'description': 'Turns the light off'}, 'setColor': {'title': 'Set Color', 'description': 'Sets the light colour', 'input': {'type': 'object', 'properties': {'color': {'type': 'string'}}, 'required': ['color']}}}}, {'format': 'W3C', 'id': '22222222-2222-2222-2222-222222222222', 'title': 'Living Room Smart Speaker', 'actions': {'turnOn': {'title': 'Turn On', 'description': 'Turns the speaker on'}, 'turnOff': {'title': 'Turn Off', 'description': 'Turns the speaker off'}, 'playMusic': {'title': 'Play Music', 'description': 'Plays a music track', 'input': {'type': 'object', 'properties': {'track': {'type': 'string'}}, 'required': ['track']}}}}, {'format': 'W3C', 'id': '33333333-3333-3333-3333-333333333333', 'title': 'Smart Thermostat', 'actions': {'setTemperature': {'title': 'Set Temperature', 'description': 'Sets the desired temperature', 'input': {'type': 'object', 'properties': {'temperature': {'type': 'integer'}}, 'required': ['temperature']}}}}, {'format': 'W3C', 'id': '44444444-4444-4444-4444-444444444444', 'title': 'Living Room Smart TV', 'actions': {'turnOn': {'title': 'Turn On', 'description': 'Turns the TV on'}, 'turnOff': {'title': 'Turn Off', 'description': 'Turns the TV off'}}}, {'format': 'W3C', 'id': '55555555-5555-5555-5555-555555555555', 'title': 'Smart Plug (Lamp)', 'actions': {'turnOn': {'title': 'Turn On', 'description': 'Powers the plug on'}, 'turnOff': {'title': 'Turn Off', 'description': 'Powers the plug off'}}}]","Turn on the light, set it to a warm colour, and make sure it turns off before I go to bed.","The assistant should immediately turn on the living‑room smart light, change its colour to a warm hue, and schedule the light to turn off at the appropriate bedtime (e.g., when the user indicates they are going to sleep)."
2026-01-06 14:32:10+00:00,"[{'format': 'SmartThings', 'deviceId': 'd0a1c2e3-4b5f-6789-abcd-ef0123456789', 'name': 'Heater', 'label': 'Living Room Heater', 'components': [{'id': 'main', 'label': 'main', 'capabilities': [{'id': 'temperatureControl', 'version': 1}, {'id': 'onOff', 'version': 1}]}]}, {'format': 'SmartThings', 'deviceId': 'a1b2c3d4-5e6f-7081-9abc-def234567890', 'name': 'Thermostat', 'label': 'Downstairs Thermostat', 'components': [{'id': 'main', 'label': 'main', 'capabilities': [{'id': 'temperatureSetting', 'version': 1}, {'id': 'modeControl', 'version': 1}]}]}, {'format': 'SmartThings', 'deviceId': '11223344-5566-7788-99aa-bbccddeeff00', 'name': 'TV', 'label': 'Living Room TV', 'components': [{'id': 'main', 'label': 'main', 'capabilities': [{'id': 'mediaPlayback', 'version': 1}, {'id': 'volumeControl', 'version': 1}]}]}, {'format': 'SmartThings', 'deviceId': '22334455-6677-8899-aabb-ccddeeff0011', 'name': 'Smart Light', 'label': 'Living Room Ceiling Light', 'components': [{'id': 'main', 'label': 'main', 'capabilities': [{'id': 'switch', 'version': 1}, {'id': 'levelControl', 'version': 1}]}]}, {'format': 'SmartThings', 'deviceId': '33445566-7788-99aa-bbcc-ddeeff001122', 'name': 'Smart Speaker', 'label': 'Google Nest Hub', 'components': [{'id': 'main', 'label': 'main', 'capabilities': [{'id': 'voiceAssistant', 'version': 1}, {'id': 'audioPlayback', 'version': 1}]}]}]","Hey Google, turn the heater on to 68 degrees.","The AI assistant should acknowledge the request, confirm it will set the heater to 68 °F, and issue the appropriate command to the Heater device (activating on/off and setting temperature to 68)."
2026-01-06 12:34:56+00:00,"[{'format': 'W3C', 'id': '11111111-1111-1111-1111-111111111111', 'title': 'Living Room Light', 'actions': {'on': {'title': 'Turn On', 'description': 'Turns the light on'}, 'off': {'title': 'Turn Off', 'description': 'Turns the light off'}}}, {'format': 'W3C', 'id': '22222222-2222-2222-2222-222222222222', 'title': 'Bedroom Light', 'actions': {'on': {'title': 'Turn On', 'description': 'Turns the light on'}, 'off': {'title': 'Turn Off', 'description': 'Turns the light off'}}}, {'format': 'W3C', 'id': '33333333-3333-3333-3333-333333333333', 'title': 'Air Conditioner', 'actions': {'setTemperature': {'title': 'Set Temperature', 'description': 'Sets the cooling temperature', 'input': {'type': 'object', 'properties': {'temperature': {'type': 'integer'}}, 'required': ['temperature']}}, 'on': {'title': 'Turn On', 'description': 'Turns the AC on'}, 'off': {'title': 'Turn Off', 'description': 'Turns the AC off'}}}, {'format': 'W3C', 'id': '44444444-4444-4444-4444-444444444444', 'title': 'Thermostat', 'actions': {'setTarget': {'title': 'Set Target Temperature', 'description': 'Sets the desired indoor temperature', 'input': {'type': 'object', 'properties': {'target': {'type': 'integer'}}, 'required': ['target']}}}}, {'format': 'W3C', 'id': '55555555-5555-5555-5555-555555555555', 'title': 'Robot Vacuum Cleaner', 'actions': {'start': {'title': 'Start Cleaning', 'description': 'Begins a cleaning cycle'}, 'stop': {'title': 'Stop Cleaning', 'description': 'Stops the current cleaning cycle'}}}, {'format': 'W3C', 'id': '66666666-6666-6666-6666-666666666666', 'title': 'Smart Front Door Lock', 'actions': {'unlock': {'title': 'Unlock Door', 'description': 'Unlocks the front door'}, 'lock': {'title': 'Lock Door', 'description': 'Locks the front door'}}}]","Hey Siri, turn the lights on inside before I get home.","The AI assistant should turn on all indoor lights (e.g., living room and bedroom lights) so that the house is illuminated when the user arrives."
2026-01-06 12:00:00+00:00,"[{'format': 'SmartThings', 'deviceId': '11111111-1111-1111-1111-111111111111', 'name': 'light', 'label': 'Living Room Light', 'components': [{'id': 'main', 'label': 'main', 'capabilities': [{'id': 'switch', 'version': 1}]}]}, {'format': 'SmartThings', 'deviceId': '22222222-2222-2222-2222-222222222222', 'name': 'air_conditioner', 'label': 'Bedroom AC', 'components': [{'id': 'main', 'label': 'main', 'capabilities': [{'id': 'switch', 'version': 1}, {'id': 'temperatureSetting', 'version': 1}]}]}, {'format': 'SmartThings', 'deviceId': '33333333-3333-3333-3333-333333333333', 'name': 'air_purifier', 'label': 'Office Air Purifier', 'components': [{'id': 'main', 'label': 'main', 'capabilities': [{'id': 'switch', 'version': 1}, {'id': 'airQuality', 'version': 1}]}]}, {'format': 'SmartThings', 'deviceId': '44444444-4444-4444-4444-444444444444', 'name': 'thermostat', 'label': 'Hallway Thermostat', 'components': [{'id': 'main', 'label': 'main', 'capabilities': [{'id': 'temperatureMeasurement', 'version': 1}, {'id': 'temperatureSetting', 'version': 1}]}]}, {'format': 'SmartThings', 'deviceId': '55555555-5555-5555-5555-555555555555', 'name': 'tv', 'label': 'Family Room TV', 'components': [{'id': 'main', 'label': 'main', 'capabilities': [{'id': 'switch', 'version': 1}, {'id': 'mediaPlayback', 'version': 1}]}]}, {'format': 'SmartThings', 'deviceId': '66666666-6666-6666-6666-666666666666', 'name': 'robot_vacuum_cleaner', 'label': 'Living Room Robot Vacuum', 'components': [{'id': 'main', 'label': 'main', 'capabilities': [{'id': 'switch', 'version': 1}, {'id': 'cleaning', 'version': 1}]}]}]",What's the weather like today and any news updates?,"The AI assistant should provide a current, factual weather report for the user's location and a concise list of the latest news headlines, citing reliable sources."
2026-01-06 12:34:56+00:00,"[{'format': 'SmartThings', 'deviceId': '11111111-1111-1111-1111-111111111111', 'name': 'light', 'label': 'Living Room Main Light', 'components': [{'id': 'main', 'label': 'main', 'capabilities': [{'id': 'switch', 'version': 1}, {'id': 'level', 'version': 1}]}]}, {'format': 'SmartThings', 'deviceId': '22222222-2222-2222-2222-222222222222', 'name': 'air_conditioner', 'label': 'Living Room AC', 'components': [{'id': 'main', 'label': 'main', 'capabilities': [{'id': 'switch', 'version': 1}, {'id': 'temperatureSetting', 'version': 1}]}]}, {'format': 'SmartThings', 'deviceId': '33333333-3333-3333-3333-333333333333', 'name': 'tv', 'label': 'Living Room TV', 'components': [{'id': 'main', 'label': 'main', 'capabilities': [{'id': 'switch', 'version': 1}, {'id': 'mediaPlayback', 'version': 1}]}]}, {'format': 'SmartThings', 'deviceId': '44444444-4444-4444-4444-444444444444', 'name': 'speaker', 'label': 'Alexa Echo Dot', 'components': [{'id': 'main', 'label': 'main', 'capabilities': [{'id': 'switch', 'version': 1}, {'id': 'voiceAssistant', 'version': 1}]}]}, {'format': 'SmartThings', 'deviceId': '55555555-5555-5555-5555-555555555555', 'name': 'vacuum', 'label': 'Living Room Robot Vacuum', 'components': [{'id': 'main', 'label': 'main', 'capabilities': [{'id': 'switch', 'version': 1}, {'id': 'cleaningMode', 'version': 1}]}]}]","Alexa, turn on the living room lights to maximum and set the AC to a comfortable temperature.","The lights should turn on at full brightness and the air conditioner should power on with its temperature set to an optimal, comfortable level."
2026-01-06 12:34:56+00:00,"[{'format': 'SmartThings', 'deviceId': 'd3b0a1f2-9c4e-4a6b-8f3d-1e2c3b4d5e6f', 'name': 'light', 'label': 'Family Light', 'components': [{'id': 'main', 'label': 'main', 'capabilities': [{'id': 'switch', 'version': 1}, {'id': 'level', 'version': 1}]}]}, {'format': 'SmartThings', 'deviceId': 'a7c9e2d4-5b6f-4d8a-9c1e-2f3b4a5c6d7e', 'name': 'thermostat', 'label': 'Living Room Thermostat', 'components': [{'id': 'main', 'label': 'main', 'capabilities': [{'id': 'thermostatMode', 'version': 1}, {'id': 'temperatureSetpoint', 'version': 1}]}]}, {'format': 'SmartThings', 'deviceId': 'f1e2d3c4-b5a6-7d8e-9f0a-1b2c3d4e5f6a', 'name': 'tv', 'label': 'Living Room TV', 'components': [{'id': 'main', 'label': 'main', 'capabilities': [{'id': 'switch', 'version': 1}, {'id': 'audioVolume', 'version': 1}]}]}, {'format': 'SmartThings', 'deviceId': 'c9d8e7f6-5a4b-3c2d-1e0f-9a8b7c6d5e4f', 'name': 'speaker', 'label': 'Living Room Speaker', 'components': [{'id': 'main', 'label': 'main', 'capabilities': [{'id': 'switch', 'version': 1}, {'id': 'audioVolume', 'version': 1}]}]}, {'format': 'SmartThings', 'deviceId': 'b2a1c3d4-e5f6-7a8b-9c0d-1e2f3a4b5c6d', 'name': 'vacuum', 'label': 'Living Room Vacuum', 'components': [{'id': 'main', 'label': 'main', 'capabilities': [{'id': 'switch', 'version': 1}, {'id': 'start', 'version': 1}, {'id': 'pause', 'version': 1}]}]}]","Alexa, turn on the family lights and dim them, then turn on the TV and set the volume to three.","The assistant should repeat the spoken command back to the user, the Family Light should turn on and dim (lower brightness), the TV should power on, and its volume should be set to level 3 (low)."
2026-01-06 12:00:00+00:00,"[{'format': 'SmartThings', 'deviceId': '3fa85f64-5717-4562-b3fc-2c963f66afa1', 'name': 'Light', 'label': 'Living Room Light', 'components': [{'id': 'main', 'label': 'main', 'capabilities': [{'id': 'switch', 'version': 1}]}]}, {'format': 'SmartThings', 'deviceId': '4b9c2d5e-8a0b-4c3d-9f45-7c6e5a1b2d3e', 'name': 'Heater', 'label': 'Living Room Heater', 'components': [{'id': 'main', 'label': 'main', 'capabilities': [{'id': 'temperatureControl', 'version': 1}]}]}, {'format': 'SmartThings', 'deviceId': '9c2e1f3b-6d7a-4e8f-9b0c-1a2b3c4d5e6f', 'name': 'TV', 'label': 'Living Room TV', 'components': [{'id': 'main', 'label': 'main', 'capabilities': [{'id': 'mediaPlayback', 'version': 1}]}]}, {'format': 'SmartThings', 'deviceId': '2d4f6a8b-3c7e-4f9a-8d1e-5b6c7d8e9f0a', 'name': 'Speaker', 'label': 'Living Room Speaker', 'components': [{'id': 'main', 'label': 'main', 'capabilities': [{'id': 'audioOutput', 'version': 1}]}]}, {'format': 'SmartThings', 'deviceId': '7e8f9a0b-1c2d-3e4f-5a6b-7c8d9e0f1a2b', 'name': 'Air Purifier', 'label': 'Living Room Air Purifier', 'components': [{'id': 'main', 'label': 'main', 'capabilities': [{'id': 'airQualityControl', 'version': 1}]}]}, {'format': 'SmartThings', 'deviceId': '0f1a2b3c-4d5e-6f7a-8b9c-0d1e2f3a4b5c', 'name': 'Light', 'label': 'Bedroom Light', 'components': [{'id': 'main', 'label': 'main', 'capabilities': [{'id': 'switch', 'version': 1}]}]}]","Alexa, I'm going upstairs","Living Room Light is turned off, Living Room Heater is turned off, and Bedroom Light is turned on; all other devices (TV, Speaker, Air Purifier) remain in their previous states."
2026-01-06 12:34:56+00:00,"[{'format': 'SmartThings', 'deviceId': '11111111-1111-1111-1111-111111111111', 'name': 'Echo Dot Speaker', 'label': 'Bedroom Speaker', 'components': [{'id': 'main', 'label': 'main', 'capabilities': [{'id': 'audioVolume', 'version': 1}, {'id': 'audioPlayback', 'version': 1}, {'id': 'mediaNews', 'version': 1}, {'id': 'mediaWeather', 'version': 1}]}]}, {'format': 'SmartThings', 'deviceId': '22222222-2222-2222-2222-222222222222', 'name': 'CCTV Camera', 'label': 'Hallway Camera', 'components': [{'id': 'main', 'label': 'main', 'capabilities': [{'id': 'cameraStream', 'version': 1}]}]}, {'format': 'SmartThings', 'deviceId': '33333333-3333-3333-3333-333333333333', 'name': 'Smart Thermostat', 'label': 'Room Thermostat', 'components': [{'id': 'main', 'label': 'main', 'capabilities': [{'id': 'temperatureMeasurement', 'version': 1}, {'id': 'temperatureSetting', 'version': 1}]}]}, {'format': 'W3C', 'id': '44444444-4444-4444-4444-444444444444', 'title': 'Living Room Light', 'actions': {'turnOn': {'title': 'Turn On', 'description': 'Turns the light on'}, 'turnOff': {'title': 'Turn Off', 'description': 'Turns the light off'}, 'setLevel': {'title': 'Set Brightness Level', 'description': 'Adjusts brightness from 0 to 100', 'input': {'type': 'object', 'properties': {'level': {'type': 'string'}}, 'required': ['level']}}}}, {'format': 'W3C', 'id': '55555555-5555-5555-5555-555555555555', 'title': 'Smart Plug', 'actions': {'turnOn': {'title': 'Turn On', 'description': 'Powers the plugged device on'}, 'turnOff': {'title': 'Turn Off', 'description': 'Powers the plugged device off'}}}]","Alexa, could you turn up the volume, play some music, and give me the latest news and weather?","The AI agent should increase the speaker's volume, start music playback, read the current news headlines, and provide a brief weather forecast. It must not affect the CCTV camera, thermostat, lights, or smart plug, and it should confirm each action verbally."
2026-01-06 12:00:00+00:00,"[{'format': 'SmartThings', 'deviceId': 'f3a1c9e2-4b6d-4a8f-9d2e-1a2b3c4d5e6f', 'name': 'Light', 'label': 'Living Room Light', 'components': [{'id': 'main', 'label': 'main', 'capabilities': [{'id': 'switch', 'version': 1}]}]}, {'format': 'SmartThings', 'deviceId': 'a7b2c3d4-5e6f-7a8b-9c0d-1e2f3a4b5c6d', 'name': 'Speaker', 'label': 'Alexa Echo Dot', 'components': [{'id': 'main', 'label': 'main', 'capabilities': [{'id': 'voiceControl', 'version': 1}]}]}, {'format': 'SmartThings', 'deviceId': 'b1c2d3e4-f5a6-7b8c-9d0e-1f2a3b4c5d6e', 'name': 'Thermostat', 'label': 'Hallway Thermostat', 'components': [{'id': 'main', 'label': 'main', 'capabilities': [{'id': 'temperatureMeasurement', 'version': 1}, {'id': 'temperatureSetting', 'version': 1}]}]}, {'format': 'SmartThings', 'deviceId': 'c9d8e7f6-5a4b-3c2d-1e0f-9a8b7c6d5e4f', 'name': 'TV', 'label': 'Living Room Smart TV', 'components': [{'id': 'main', 'label': 'main', 'capabilities': [{'id': 'mediaPlayback', 'version': 1}]}]}, {'format': 'W3C', 'id': 'd2e3f4a5-b6c7-8d9e-0f1a-2b3c4d5e6f7a', 'title': 'Smart Plug', 'actions': {'turnOff': {'title': 'Turn Off', 'description': 'Turns the plug off'}}}]","Alexa, please turn off the light.","The Living Room Light should change its state to off and Alexa should acknowledge the request (e.g., with a verbal confirmation). No other devices (speaker, thermostat, TV, smart plug) should change state or produce output."
2026-01-06 12:34:56+00:00,"[{'format': 'SmartThings', 'deviceId': 'd3b8f1a2-5c9e-4a7b-9f2d-1e3c4b5a6d78', 'name': 'Light', 'label': 'Living Room Lamp', 'components': [{'id': 'main', 'label': 'main', 'capabilities': [{'id': 'switch', 'version': 1}]}]}, {'format': 'SmartThings', 'deviceId': 'a7c9e2f3-8d4b-4c6a-9e1f-2b3d4e5f6a78', 'name': 'Speaker', 'label': 'Living Room Speaker', 'components': [{'id': 'main', 'label': 'main', 'capabilities': [{'id': 'mediaPlayback', 'version': 1}]}]}, {'format': 'SmartThings', 'deviceId': 'f1e2d3c4-9b5a-4e6f-8a7b-0c1d2e3f4b56', 'name': 'Robot Vacuum Cleaner', 'label': 'Living Room Vacuum', 'components': [{'id': 'main', 'label': 'main', 'capabilities': [{'id': 'vacuumCleaner', 'version': 1}]}]}, {'format': 'SmartThings', 'deviceId': 'b2c3d4e5-6f7a-8b9c-0d1e-2f3a4b5c6d78', 'name': 'Thermostat', 'label': 'Living Room Thermostat', 'components': [{'id': 'main', 'label': 'main', 'capabilities': [{'id': 'temperatureMeasurement', 'version': 1}]}]}, {'format': 'SmartThings', 'deviceId': 'c3d4e5f6-7a8b-9c0d-1e2f-3a4b5c6d7e89', 'name': 'Smart Plug', 'label': 'Coffee Maker Plug', 'components': [{'id': 'main', 'label': 'main', 'capabilities': [{'id': 'switch', 'version': 1}]}]}]",Remind me in an hour to check the washing machine.,The AI should confirm that it understood the reminder request and schedule a notification exactly one hour later to remind the user to check the washing machine.
2026-01-06 12:00:00+00:00,"[{'format': 'SmartThings', 'deviceId': '3fa85f64-5717-4562-b3fc-2c963f66afa1', 'name': 'Light', 'label': 'Living Room Light', 'components': [{'id': 'main', 'label': 'main', 'capabilities': [{'id': 'switch', 'version': 1}]}]}, {'format': 'SmartThings', 'deviceId': '7c9e6679-7425-40de-944b-e07fc1f90ae7', 'name': 'Thermostat', 'label': 'Hallway Thermostat', 'components': [{'id': 'main', 'label': 'main', 'capabilities': [{'id': 'temperatureSetting', 'version': 1}]}]}, {'format': 'SmartThings', 'deviceId': '1b4e28ba-2fa1-11d2-883f-0016d3cca427', 'name': 'Smart Blind', 'label': 'Bedroom Blind', 'components': [{'id': 'main', 'label': 'main', 'capabilities': [{'id': 'blindControl', 'version': 1}]}]}, {'format': 'SmartThings', 'deviceId': '9c1e1d3a-6c47-4b3e-9f4e-2d7b8c6f9a12', 'name': 'Air Purifier', 'label': 'Office Air Purifier', 'components': [{'id': 'main', 'label': 'main', 'capabilities': [{'id': 'switch', 'version': 1}, {'id': 'fanSpeed', 'version': 1}]}]}, {'format': 'SmartThings', 'deviceId': '5e2f1c44-8b5a-4d9f-9c3e-0c6b8f2a1d7e', 'name': 'Pet Feeder', 'label': 'Pet Feeder', 'components': [{'id': 'main', 'label': 'main', 'capabilities': [{'id': 'feedSchedule', 'version': 1}]}]}, {'format': 'SmartThings', 'deviceId': 'e3b0c442-98fc-1c14-9af0-8a79b9c3d6a1', 'name': 'Door Lock', 'label': 'Front Door Lock', 'components': [{'id': 'main', 'label': 'main', 'capabilities': [{'id': 'lock', 'version': 1}]}]}]",Set up routines for tomorrow that match my calendar and the weather so the flat feels just right.,"The AI should create a morning routine that (1) opens the bedroom blind, (2) sets the thermostat/heater to a comfortable temperature based on the forecasted outdoor temperature, (3) turns on the air purifier if humidity or pollen levels are high, (4) schedules the pet feeder according to the user’s usual feeding times, (5) adjusts the living‑room light to appropriate brightness for any calendar events, and (6) confirms each action was applied successfully, demonstrating forward‑thinking and reliable control."
2026-01-06 12:00:00+00:00,"[{'format': 'SmartThings', 'deviceId': '11111111-1111-1111-1111-111111111111', 'name': 'Living Room Light', 'label': 'Living Room Light', 'components': [{'id': 'main', 'label': 'main', 'capabilities': [{'id': 'switch', 'version': 1}, {'id': 'level', 'version': 1}]}]}, {'format': 'SmartThings', 'deviceId': '22222222-2222-2222-2222-222222222222', 'name': 'Living Room Thermostat', 'label': 'Living Room Thermostat', 'components': [{'id': 'main', 'label': 'main', 'capabilities': [{'id': 'temperatureMeasurement', 'version': 1}, {'id': 'thermostatMode', 'version': 1}]}]}, {'format': 'SmartThings', 'deviceId': '33333333-3333-3333-3333-333333333333', 'name': 'Living Room TV', 'label': 'Living Room TV', 'components': [{'id': 'main', 'label': 'main', 'capabilities': [{'id': 'channelControl', 'version': 1}, {'id': 'mediaPlayback', 'version': 1}]}]}, {'format': 'SmartThings', 'deviceId': '44444444-4444-4444-4444-444444444444', 'name': 'Living Room Speaker', 'label': 'Living Room Speaker', 'components': [{'id': 'main', 'label': 'main', 'capabilities': [{'id': 'audioPlayback', 'version': 1}]}]}, {'format': 'SmartThings', 'deviceId': '55555555-5555-5555-5555-555555555555', 'name': 'Living Room Window', 'label': 'Living Room Window', 'components': [{'id': 'main', 'label': 'main', 'capabilities': [{'id': 'openClose', 'version': 1}]}]}, {'format': 'SmartThings', 'deviceId': '66666666-6666-6666-6666-666666666666', 'name': 'Living Room Blind', 'label': 'Living Room Blind', 'components': [{'id': 'main', 'label': 'main', 'capabilities': [{'id': 'windowShade', 'version': 1}]}]}]","Okay Google, change the channel from four to five.","The AI assistant should interpret the request as a command to set the TV to channel 5, send the appropriate control signal to the Living Room TV, and confirm the change (e.g., ""Channel set to 5""). No other devices should be affected."
2026-01-06 12:34:56+00:00,"[{'format': 'SmartThings', 'deviceId': 'a1111111-1111-1111-1111-111111111111', 'name': 'Living Room Light', 'label': 'Living Room Light', 'components': [{'id': 'main', 'label': 'main', 'capabilities': [{'id': 'switch', 'version': 1}, {'id': 'switchLevel', 'version': 1}]}]}, {'format': 'SmartThings', 'deviceId': 'b2222222-2222-2222-2222-222222222222', 'name': 'Living Room TV', 'label': 'Living Room TV', 'components': [{'id': 'main', 'label': 'main', 'capabilities': [{'id': 'mediaPlayback', 'version': 1}, {'id': 'audioVolume', 'version': 1}]}]}, {'format': 'SmartThings', 'deviceId': 'c3333333-3333-3333-3333-333333333333', 'name': 'Living Room Speaker', 'label': 'Living Room Speaker', 'components': [{'id': 'main', 'label': 'main', 'capabilities': [{'id': 'audioPlayback', 'version': 1}, {'id': 'audioVolume', 'version': 1}]}]}, {'format': 'SmartThings', 'deviceId': 'd4444444-4444-4444-4444-444444444444', 'name': 'Thermostat', 'label': 'Living Room Thermostat', 'components': [{'id': 'main', 'label': 'main', 'capabilities': [{'id': 'temperatureSetting', 'version': 1}]}]}, {'format': 'SmartThings', 'deviceId': 'e5555555-5555-5555-5555-555555555555', 'name': 'Window Blinds', 'label': 'Living Room Blinds', 'components': [{'id': 'main', 'label': 'main', 'capabilities': [{'id': 'switch', 'version': 1}]}]}]","Ok Google, it's a bit dark here, could you turn on the light?",The assistant should turn on the Living Room Light and set its brightness to the maximum level.
2026-01-06 12:00:00+00:00,"[{'format': 'SmartThings', 'deviceId': '11111111-1111-1111-1111-111111111111', 'name': 'Living Room Light', 'label': 'Living Room Light', 'components': [{'id': 'main', 'label': 'main', 'capabilities': [{'id': 'switch', 'version': 1}]}]}, {'format': 'SmartThings', 'deviceId': '22222222-2222-2222-2222-222222222222', 'name': 'Living Room TV', 'label': 'Living Room TV', 'components': [{'id': 'main', 'label': 'main', 'capabilities': [{'id': 'switch', 'version': 1}, {'id': 'mediaPlayback', 'version': 1}]}]}, {'format': 'SmartThings', 'deviceId': '33333333-3333-3333-3333-333333333333', 'name': 'Robot Vacuum', 'label': 'Robot Vacuum', 'components': [{'id': 'main', 'label': 'main', 'capabilities': [{'id': 'cleaning', 'version': 1}]}]}, {'format': 'W3C', 'id': '44444444-4444-4444-4444-444444444444', 'title': 'Echo Dot', 'actions': {'speak': {'title': 'Speak', 'description': 'Make the speaker say a phrase'}, 'playMusic': {'title': 'Play Music', 'description': 'Start playing music from a source'}}}, {'format': 'W3C', 'id': '55555555-5555-5555-5555-555555555555', 'title': 'Thermostat', 'actions': {'setTemperature': {'title': 'Set Temperature', 'description': 'Set the desired temperature', 'input': {'type': 'object', 'properties': {'temperature': {'type': 'integer'}}, 'required': ['temperature']}}}}]","Alexa, turn on the living room light, start cleaning, and put on Prime TV.","The light should turn on, the robot vacuum should begin its cleaning cycle, and the TV should power on and switch to the Amazon Prime channel."
2026-01-06 12:00:00+00:00,"[{'format': 'W3C', 'id': 'e3b0c442-98fc-1c14-9af7-9c8d6e0c2a00', 'title': 'Living Room Speaker', 'actions': {'playMusic': {'title': 'Play Music', 'description': 'Play a song from a music streaming service', 'input': {'type': 'object', 'properties': {'service': {'type': 'string'}, 'track': {'type': 'string'}}, 'required': ['service', 'track']}}}}, {'format': 'W3C', 'id': 'a7f3d9c2-5c4e-4b1a-8e3f-2d9b6a7e1c33', 'title': 'Kitchen Light', 'actions': {}}, {'format': 'W3C', 'id': 'c1d4e2b9-9f33-4a56-8b21-5e7d9f0a6c44', 'title': 'Bedroom Thermostat', 'actions': {}}, {'format': 'W3C', 'id': 'f2a1b3c4-7d8e-4f9a-9c0b-1e2d3f4a5b6c', 'title': 'Living Room TV', 'actions': {}}, {'format': 'W3C', 'id': 'b5c6d7e8-9f0a-1b2c-3d4e-5f6a7b8c9d0e', 'title': 'Garage Door Opener', 'actions': {}}]",Play some music.,The AI assistant (Google Assistant) should start playback of a Spotify song on the Living Room Speaker without any error.
2026-01-06 12:00:00+00:00,"[{'format': 'SmartThings', 'deviceId': '11111111-1111-1111-1111-111111111111', 'name': 'light', 'label': 'Bedroom Light', 'components': [{'id': 'main', 'label': 'main', 'capabilities': [{'id': 'switchLevel', 'version': 1}]}]}, {'format': 'SmartThings', 'deviceId': '22222222-2222-2222-2222-222222222222', 'name': 'air_conditioner', 'label': 'Bedroom AC', 'components': [{'id': 'main', 'label': 'main', 'capabilities': [{'id': 'thermostatMode', 'version': 1}]}]}, {'format': 'SmartThings', 'deviceId': '33333333-3333-3333-3333-333333333333', 'name': 'humidifier', 'label': 'Bedroom Humidifier', 'components': [{'id': 'main', 'label': 'main', 'capabilities': [{'id': 'humiditySetting', 'version': 1}]}]}, {'format': 'SmartThings', 'deviceId': '44444444-4444-4444-4444-444444444444', 'name': 'tv', 'label': 'Bedroom TV', 'components': [{'id': 'main', 'label': 'main', 'capabilities': [{'id': 'mediaPlayback', 'version': 1}]}]}, {'format': 'SmartThings', 'deviceId': '55555555-5555-5555-5555-555555555555', 'name': 'speaker', 'label': 'Alexa Echo', 'components': [{'id': 'main', 'label': 'main', 'capabilities': [{'id': 'voiceAssistant', 'version': 1}]}]}]","Alexa, turn my light down.","The AI assistant should dim the bedroom light (lower its brightness level) in response to the command, without changing the state of the air conditioner, humidifier, TV, or any other devices."
2026-01-06 12:00:00+00:00,"[{'format': 'SmartThings', 'deviceId': '11111111-1111-1111-1111-111111111111', 'name': 'Light', 'label': 'Bedroom Ceiling Light', 'components': [{'id': 'main', 'label': 'main', 'capabilities': [{'id': 'switch', 'version': 1}, {'id': 'switchLevel', 'version': 1}]}]}, {'format': 'SmartThings', 'deviceId': '22222222-2222-2222-2222-222222222222', 'name': 'Humidifier', 'label': 'Bedroom Humidifier', 'components': [{'id': 'main', 'label': 'main', 'capabilities': [{'id': 'switch', 'version': 1}, {'id': 'relativeHumiditySetting', 'version': 1}]}]}, {'format': 'SmartThings', 'deviceId': '33333333-3333-3333-3333-333333333333', 'name': 'TV', 'label': 'Bedroom Smart TV', 'components': [{'id': 'main', 'label': 'main', 'capabilities': [{'id': 'switch', 'version': 1}, {'id': 'mediaPlayback', 'version': 1}]}]}, {'format': 'SmartThings', 'deviceId': '44444444-4444-4444-4444-444444444444', 'name': 'Speaker', 'label': 'Amazon Echo (Alexa)', 'components': [{'id': 'main', 'label': 'main', 'capabilities': [{'id': 'audioNotification', 'version': 1}, {'id': 'speechSynthesis', 'version': 1}]}]}, {'format': 'SmartThings', 'deviceId': '55555555-5555-5555-5555-555555555555', 'name': 'Thermostat', 'label': 'Bedroom Thermostat', 'components': [{'id': 'main', 'label': 'main', 'capabilities': [{'id': 'temperatureMeasurement', 'version': 1}, {'id': 'thermostatMode', 'version': 1}]}]}]",Can you make it a little softer here?,"The AI assistant should interpret the request as a command to dim the Bedroom Ceiling Light, send a dim/level‑down action to the Light device, and leave the Humidifier, TV, Speaker, and Thermostat unchanged."
2026-01-06 12:00:00+00:00,"[{'format': 'SmartThings', 'deviceId': '11111111-1111-1111-1111-111111111111', 'name': 'light', 'label': 'Bedroom Light', 'components': [{'id': 'main', 'label': 'main', 'capabilities': [{'id': 'switch', 'version': 1}]}]}, {'format': 'SmartThings', 'deviceId': '22222222-2222-2222-2222-222222222222', 'name': 'speaker', 'label': 'Bedroom Speaker', 'components': [{'id': 'main', 'label': 'main', 'capabilities': [{'id': 'audioVolume', 'version': 1}]}]}, {'format': 'W3C', 'id': '33333333-3333-3333-3333-333333333333', 'title': 'Thermostat', 'actions': {'setTemperature': {'title': 'Set Temperature', 'description': 'Set the desired temperature', 'input': {'type': 'object', 'properties': {'temperature': {'type': 'integer'}}, 'required': ['temperature']}}}}, {'format': 'W3C', 'id': '44444444-4444-4444-4444-444444444444', 'title': 'Smart Plug', 'actions': {'turnOn': {'title': 'Turn On', 'description': 'Power on the plug'}, 'turnOff': {'title': 'Turn Off', 'description': 'Power off the plug'}}}, {'format': 'W3C', 'id': '55555555-5555-5555-5555-555555555555', 'title': 'Window Blind', 'actions': {'open': {'title': 'Open', 'description': 'Open the blind'}, 'close': {'title': 'Close', 'description': 'Close the blind'}}}]","Alexa, could you turn on the lights in my bedroom?",The bedroom light should turn on promptly with no errors; no other devices should be affected.
2026-01-06 12:00:00+00:00,"[{'format': 'SmartThings', 'deviceId': 'a1111111-1111-1111-1111-111111111111', 'name': 'Light', 'label': 'Living Room Light', 'components': [{'id': 'main', 'label': 'main', 'capabilities': [{'id': 'switch', 'version': 1}]}]}, {'format': 'SmartThings', 'deviceId': 'b2222222-2222-2222-2222-222222222222', 'name': 'TV', 'label': 'Living Room TV', 'components': [{'id': 'main', 'label': 'main', 'capabilities': [{'id': 'mediaPlayback', 'version': 1}]}]}, {'format': 'SmartThings', 'deviceId': 'c3333333-3333-3333-3333-333333333333', 'name': 'Smart Speaker', 'label': 'Amazon Echo', 'components': [{'id': 'main', 'label': 'main', 'capabilities': [{'id': 'speechRecognition', 'version': 1}]}]}, {'format': 'SmartThings', 'deviceId': 'd4444444-4444-4444-4444-444444444444', 'name': 'Thermostat', 'label': 'Hallway Thermostat', 'components': [{'id': 'main', 'label': 'main', 'capabilities': [{'id': 'temperatureMeasurement', 'version': 1}]}]}, {'format': 'SmartThings', 'deviceId': 'e5555555-5555-5555-5555-555555555555', 'name': 'Smart Plug', 'label': 'Coffee Maker Plug', 'components': [{'id': 'main', 'label': 'main', 'capabilities': [{'id': 'switch', 'version': 1}]}]}]","Alexa, can you make the living room brighter?","The assistant correctly interprets the request as a command to turn on the Living Room Light, sends a 'switch' on action to that device, confirms the action to the user, and does not affect any other devices."
2026-01-06 12:34:56+00:00,"[{'format': 'SmartThings', 'deviceId': 'a3f1c9e2-5b4d-4a6f-9c2e-1f7d8b9a0c12', 'name': 'Television', 'label': 'Living Room TV', 'components': [{'id': 'main', 'label': 'main', 'capabilities': [{'id': 'switch', 'version': 1}, {'id': 'mediaPlayback', 'version': 1}, {'id': 'volumeControl', 'version': 1}]}]}, {'format': 'SmartThings', 'deviceId': 'd7e2b5f9-8c3a-4f1e-9b6d-2a5c0e7f3b84', 'name': 'Washer', 'label': 'Laundry Washer', 'components': [{'id': 'main', 'label': 'main', 'capabilities': [{'id': 'washerCycle', 'version': 1}, {'id': 'status', 'version': 1}]}]}, {'format': 'SmartThings', 'deviceId': 'c4b9d2a1-6e7f-4c3b-8a1d-9e0f5b2c6d73', 'name': 'Light', 'label': 'Ceiling Light', 'components': [{'id': 'main', 'label': 'main', 'capabilities': [{'id': 'switch', 'version': 1}, {'id': 'level', 'version': 1}, {'id': 'colorControl', 'version': 1}]}]}, {'format': 'SmartThings', 'deviceId': 'e9f3a6c4-2b1d-4e8f-9c5a-0d7b3e2f1a6c', 'name': 'Thermostat', 'label': 'Hallway Thermostat', 'components': [{'id': 'main', 'label': 'main', 'capabilities': [{'id': 'temperatureMeasurement', 'version': 1}, {'id': 'temperatureSetting', 'version': 1}, {'id': 'thermostatMode', 'version': 1}]}]}, {'format': 'SmartThings', 'deviceId': 'b1c2d3e4-5f6a-7b8c-9d0e-1f2a3b4c5d6e', 'name': 'Speaker', 'label': 'Smart Speaker', 'components': [{'id': 'main', 'label': 'main', 'capabilities': [{'id': 'audioPlayback', 'version': 1}, {'id': 'volumeControl', 'version': 1}, {'id': 'speechSynthesis', 'version': 1}]}]}]",Start the right wash cycle for my load and turn the TV off.,"The AI selects an appropriate washing program (e.g., normal, heavy, quick) based on a generic load assumption, initiates the washer, and replies with a concise confirmation such as ""Washer started on [cycle] cycle."" It also turns off the TV with a brief acknowledgment, without displaying extra menus or lengthy UI elements."
2026-01-06 12:34:56+00:00,"[{'format': 'SmartThings', 'deviceId': 'a1b2c3d4-1111-2222-3333-444455556666', 'name': 'Ceiling Light', 'label': 'Office Ceiling Light', 'components': [{'id': 'main', 'label': 'main', 'capabilities': [{'id': 'switch', 'version': 1}]}]}, {'format': 'SmartThings', 'deviceId': 'b2c3d4e5-2222-3333-4444-555566667777', 'name': 'Thermostat', 'label': 'Office Thermostat', 'components': [{'id': 'main', 'label': 'main', 'capabilities': [{'id': 'temperatureSetting', 'version': 1}]}]}, {'format': 'SmartThings', 'deviceId': 'c3d4e5f6-3333-4444-5555-666677778888', 'name': 'Door Lock', 'label': 'Office Door Lock', 'components': [{'id': 'main', 'label': 'main', 'capabilities': [{'id': 'lock', 'version': 1}]}]}, {'format': 'SmartThings', 'deviceId': 'd4e5f6a7-4444-5555-6666-777788889999', 'name': 'Echo Dot', 'label': 'Office Echo', 'components': [{'id': 'main', 'label': 'main', 'capabilities': [{'id': 'voiceAssistant', 'version': 1}]}]}, {'format': 'SmartThings', 'deviceId': 'e5f6a7b8-5555-6666-7777-88889999aaaa', 'name': 'Smart Plug', 'label': 'Office Plug', 'components': [{'id': 'main', 'label': 'main', 'capabilities': [{'id': 'switch', 'version': 1}]}]}]","Check the lights, adjust the thermostat, and make sure the door is locked.","The AI reports the current on/off status of the ceiling light, sets or confirms the thermostat temperature according to the request, and confirms that the office door lock is engaged."
2026-01-06 12:00:00+00:00,"[{'format': 'SmartThings', 'deviceId': 'a1b2c3d4-1111-2222-3333-444455556666', 'name': 'Living Room Light', 'label': 'Living Room Light', 'components': [{'id': 'main', 'label': 'main', 'capabilities': [{'id': 'switch', 'version': 1}]}]}, {'format': 'SmartThings', 'deviceId': 'b2c3d4e5-7777-8888-9999-aaaa1111bbbb', 'name': 'Living Room TV', 'label': 'Living Room TV', 'components': [{'id': 'main', 'label': 'main', 'capabilities': [{'id': 'mediaPlayback', 'version': 1}]}]}, {'format': 'SmartThings', 'deviceId': 'c3d4e5f6-cccc-dddd-eeee-ffff00001111', 'name': 'Front Door Camera', 'label': 'Front Door Camera', 'components': [{'id': 'main', 'label': 'main', 'capabilities': [{'id': 'camera', 'version': 1}]}]}, {'format': 'SmartThings', 'deviceId': 'd4e5f6a7-2222-3333-4444-555566667777', 'name': 'Hallway Thermostat', 'label': 'Hallway Thermostat', 'components': [{'id': 'main', 'label': 'main', 'capabilities': [{'id': 'temperatureMeasurement', 'version': 1}]}]}, {'format': 'SmartThings', 'deviceId': 'e5f6a7b8-8888-9999-aaaa-bbbbccccdddd', 'name': 'Kitchen Echo', 'label': 'Kitchen Echo', 'components': [{'id': 'main', 'label': 'main', 'capabilities': [{'id': 'voiceAssistant', 'version': 1}]}]}]",Can you put on Frozen on Disney Plus for my little girl?,"The TV should be turned on (if it was off), switched to the Disney Plus app, and start playing the movie titled 'Frozen' without any error messages."
2026-01-06 12:34:56+00:00,"[{'format': 'SmartThings', 'deviceId': 'a1b2c3d4-e5f6-7a89-b0c1-d2e3f4a5b6c7', 'name': 'air_conditioner', 'label': 'Living Room AC', 'components': [{'id': 'main', 'label': 'main', 'capabilities': [{'id': 'switch', 'version': 1}, {'id': 'temperatureSetpoint', 'version': 1}]}]}, {'format': 'SmartThings', 'deviceId': 'b2c3d4e5-f6a7-8b9c-0d1e-2f3a4b5c6d7e', 'name': 'thermostat', 'label': 'Hall Thermostat', 'components': [{'id': 'main', 'label': 'main', 'capabilities': [{'id': 'temperatureMeasurement', 'version': 1}, {'id': 'temperatureSetpoint', 'version': 1}]}]}, {'format': 'SmartThings', 'deviceId': 'c3d4e5f6-a7b8-9c0d-1e2f-3a4b5c6d7e8f', 'name': 'light', 'label': 'Living Room Light', 'components': [{'id': 'main', 'label': 'main', 'capabilities': [{'id': 'switch', 'version': 1}, {'id': 'level', 'version': 1}]}]}, {'format': 'SmartThings', 'deviceId': 'd4e5f6a7-b8c9-0d1e-2f3a-4b5c6d7e8f9a', 'name': 'speaker', 'label': 'Kitchen Speaker', 'components': [{'id': 'main', 'label': 'main', 'capabilities': [{'id': 'volume', 'version': 1}, {'id': 'playPause', 'version': 1}]}]}, {'format': 'SmartThings', 'deviceId': 'e5f6a7b8-c9d0-1e2f-3a4b-5c6d7e8f9a0b', 'name': 'door_lock', 'label': 'Front Door Lock', 'components': [{'id': 'main', 'label': 'main', 'capabilities': [{'id': 'lock', 'version': 1}, {'id': 'unlock', 'version': 1}]}]}]","It's really hot in here, could you turn on the air conditioner?",The air conditioner should switch on and begin cooling the room (temperature setpoint lowered). No other devices should change state.
2026-01-06 12:00:00+00:00,"[{'format': 'SmartThings', 'deviceId': '11111111-1111-1111-1111-111111111111', 'name': 'TV', 'label': 'Living Room TV', 'components': [{'id': 'main', 'label': 'main', 'capabilities': [{'id': 'mediaPlayback', 'version': 1}, {'id': 'mediaChannel', 'version': 1}]}]}, {'format': 'SmartThings', 'deviceId': '22222222-2222-2222-2222-222222222222', 'name': 'Robot Vacuum Cleaner', 'label': 'Hallway Vacuum', 'components': [{'id': 'main', 'label': 'main', 'capabilities': [{'id': 'cleaning', 'version': 1}, {'id': 'status', 'version': 1}]}]}, {'format': 'SmartThings', 'deviceId': '33333333-3333-3333-3333-333333333333', 'name': 'Mobile Phone', 'label': ""User's Phone"", 'components': [{'id': 'main', 'label': 'main', 'capabilities': [{'id': 'notification', 'version': 1}]}]}, {'format': 'SmartThings', 'deviceId': '44444444-4444-4444-4444-444444444444', 'name': 'Smart Speaker', 'label': 'Kitchen Speaker', 'components': [{'id': 'main', 'label': 'main', 'capabilities': [{'id': 'voiceAssistant', 'version': 1}]}]}, {'format': 'SmartThings', 'deviceId': '55555555-5555-5555-5555-555555555555', 'name': 'Thermostat', 'label': 'Bedroom Thermostat', 'components': [{'id': 'main', 'label': 'main', 'capabilities': [{'id': 'temperatureSetting', 'version': 1}]}]}]","I want to watch the game later, can you set the sports channel on the TV for tonight?","The AI assistant should schedule the TV to tune to the sports channel at the requested time, confirm the scheduling to the user, and handle any initial failure by retrying automatically until the program is booked successfully."
2026-01-06 12:00:00+00:00,"[{'format': 'SmartThings', 'deviceId': '11111111-1111-1111-1111-111111111111', 'name': 'Television', 'label': 'Living Room TV', 'components': [{'id': 'main', 'label': 'main', 'capabilities': [{'id': 'volumeControl', 'version': 1}, {'id': 'channelControl', 'version': 1}]}]}, {'format': 'SmartThings', 'deviceId': '22222222-2222-2222-2222-222222222222', 'name': 'SmartSpeaker', 'label': 'Google Nest Hub', 'components': [{'id': 'main', 'label': 'main', 'capabilities': [{'id': 'voiceAssistant', 'version': 1}, {'id': 'mediaPlayback', 'version': 1}]}]}, {'format': 'SmartThings', 'deviceId': '33333333-3333-3333-3333-333333333333', 'name': 'Light', 'label': 'Living Room Lamp', 'components': [{'id': 'main', 'label': 'main', 'capabilities': [{'id': 'switch', 'version': 1}, {'id': 'levelControl', 'version': 1}]}]}, {'format': 'SmartThings', 'deviceId': '44444444-4444-4444-4444-444444444444', 'name': 'Thermostat', 'label': 'Hallway Thermostat', 'components': [{'id': 'main', 'label': 'main', 'capabilities': [{'id': 'temperatureMeasurement', 'version': 1}, {'id': 'temperatureSetting', 'version': 1}]}]}, {'format': 'SmartThings', 'deviceId': '55555555-5555-5555-5555-555555555555', 'name': 'SmartPlug', 'label': 'Coffee Maker Plug', 'components': [{'id': 'main', 'label': 'main', 'capabilities': [{'id': 'switch', 'version': 1}]}]}]",Lower the TV volume and change the channel.,"The AI should send a command that reduces the Television's volume (e.g., decrease by a few steps) and then issue a channel change command (e.g., next channel or a specific channel) to the same TV."
2026-01-06 12:00:00+00:00,"[{'format': 'SmartThings', 'deviceId': 'e7a1b2c3-4d5e-6f78-90ab-cdef12345678', 'name': 'smart_light', 'label': 'Living Room Light', 'components': [{'id': 'main', 'label': 'main', 'capabilities': [{'id': 'switch', 'version': 1}]}]}, {'format': 'SmartThings', 'deviceId': 'a1b2c3d4-5e6f-7a89-b0c1-def234567890', 'name': 'air_conditioner', 'label': 'Bedroom AC', 'components': [{'id': 'main', 'label': 'main', 'capabilities': [{'id': 'temperatureSetting', 'version': 1}, {'id': 'switch', 'version': 1}]}]}, {'format': 'SmartThings', 'deviceId': 'b2c3d4e5-6f7a-8b90-c1d2-ef3456789012', 'name': 'tv', 'label': 'Family Room TV', 'components': [{'id': 'main', 'label': 'main', 'capabilities': [{'id': 'switch', 'version': 1}, {'id': 'mediaPlayback', 'version': 1}]}]}, {'format': 'SmartThings', 'deviceId': 'c3d4e5f6-7a8b-9c01-d2e3-f45678901234', 'name': 'speaker', 'label': 'Kitchen Smart Speaker', 'components': [{'id': 'main', 'label': 'main', 'capabilities': [{'id': 'audioVolume', 'version': 1}, {'id': 'switch', 'version': 1}]}]}, {'format': 'SmartThings', 'deviceId': 'd4e5f6a7-8b9c-0d12-e3f4-567890123456', 'name': 'smart_power_board', 'label': 'Smart Power Board', 'components': [{'id': 'main', 'label': 'main', 'capabilities': [{'id': 'energyMeter', 'version': 1}, {'id': 'switch', 'version': 1}]}]}, {'format': 'SmartThings', 'deviceId': 'e5f6a7b8-9c0d-1e23-f456-789012345678', 'name': 'refrigerator', 'label': 'Kitchen Refrigerator', 'components': [{'id': 'main', 'label': 'main', 'capabilities': [{'id': 'temperatureMeasurement', 'version': 1}, {'id': 'switch', 'version': 1}]}]}, {'format': 'SmartThings', 'deviceId': 'f6a7b8c9-0d1e-2f34-5678-901234567890', 'name': 'washer', 'label': 'Laundry Washer', 'components': [{'id': 'main', 'label': 'main', 'capabilities': [{'id': 'switch', 'version': 1}, {'id': 'mode', 'version': 1}]}]}, {'format': 'SmartThings', 'deviceId': 'a7b8c9d0-1e2f-3456-7890-123456789012', 'name': 'door_lock', 'label': 'Front Door Lock', 'components': [{'id': 'main', 'label': 'main', 'capabilities': [{'id': 'lock', 'version': 1}]}]}]",Log the electricity consumption of everything plugged into the smart power board.,"The AI should acknowledge the request, enable energy monitoring on the smart power board, start recording the electricity usage data, and confirm to the user that the consumption will be logged on their computer."
2026-01-06 12:00:00+00:00,"[{'format': 'SmartThings', 'deviceId': '3fa85f64-5717-4562-b3fc-2c963f66afa1', 'name': 'Light', 'label': 'Living Room Light', 'components': [{'id': 'main', 'label': 'main', 'capabilities': [{'id': 'switch', 'version': 1}, {'id': 'level', 'version': 1}]}]}, {'format': 'SmartThings', 'deviceId': 'd8a88c9e-2b3e-4a6c-9f2a-5c2d9e0f1b44', 'name': 'Light', 'label': 'Bedroom Light', 'components': [{'id': 'main', 'label': 'main', 'capabilities': [{'id': 'switch', 'version': 1}, {'id': 'level', 'version': 1}]}]}, {'format': 'SmartThings', 'deviceId': '7c1e9b3d-5f84-4d3a-9a6b-8e2d3c5f7a9b', 'name': 'Thermostat', 'label': 'Hallway Thermostat', 'components': [{'id': 'main', 'label': 'main', 'capabilities': [{'id': 'temperatureSetting', 'version': 1}]}]}, {'format': 'SmartThings', 'deviceId': 'a2b5c7d8-3e9f-4f2a-8c1d-6b9e0f2a3c4d', 'name': 'Robot Vacuum Cleaner', 'label': 'Roomba Vacuum', 'components': [{'id': 'main', 'label': 'main', 'capabilities': [{'id': 'clean', 'version': 1}, {'id': 'pause', 'version': 1}]}]}, {'format': 'SmartThings', 'deviceId': 'e5f6a7b8-9c0d-4e1f-8a2b-3c4d5e6f7a8b', 'name': 'Smart Plug', 'label': 'Nightstand Plug', 'components': [{'id': 'main', 'label': 'main', 'capabilities': [{'id': 'switch', 'version': 1}]}]}]","Alexa, start my bedtime routine.","The AI assistant should trigger the predefined bedtime scene: turn off or dim the Living Room and Bedroom lights, set the Hallway thermostat to a lower nighttime temperature, and leave other devices (vacuum and plug) unchanged unless the routine explicitly includes them."
2026-01-06 12:00:00+00:00,"[{'format': 'SmartThings', 'deviceId': '3fa85f64-5717-4562-b3fc-2c963f66afa1', 'name': 'Thermostat', 'label': 'Living Room Thermostat', 'components': [{'id': 'main', 'label': 'main', 'capabilities': [{'id': 'temperatureControl', 'version': 1}]}]}, {'format': 'SmartThings', 'deviceId': 'd0e2c9a9-8b14-4a2f-9c7e-3f5d6a9b2c1e', 'name': 'Boiler', 'label': 'Home Boiler', 'components': [{'id': 'main', 'label': 'main', 'capabilities': [{'id': 'heatingControl', 'version': 1}]}]}, {'format': 'SmartThings', 'deviceId': 'a2b3c4d5-e6f7-8901-2345-6789abcdef01', 'name': 'Smart Lock', 'label': 'Front Door Lock', 'components': [{'id': 'main', 'label': 'main', 'capabilities': [{'id': 'lockUnlock', 'version': 1}]}]}, {'format': 'SmartThings', 'deviceId': 'b1c2d3e4-f5a6-7890-1234-56789abcdeff', 'name': 'Smart Light', 'label': 'Hallway Light', 'components': [{'id': 'main', 'label': 'main', 'capabilities': [{'id': 'switch', 'version': 1}]}]}, {'format': 'SmartThings', 'deviceId': 'c9d8e7f6-5432-10ab-cdef-1234567890ab', 'name': 'Smart Speaker', 'label': 'Living Room Speaker', 'components': [{'id': 'main', 'label': 'main', 'capabilities': [{'id': 'audioPlay', 'version': 1}]}]}]",Make the house warm before we get back.,The AI should raise the thermostat temperature to a higher set point and schedule the boiler to start heating so that the home is warm when the occupants return.
2026-01-06 12:00:00+00:00,"[{'format': 'SmartThings', 'deviceId': 'e3b0c442-98fc-1c14-9af8-7c6d8e2f9a10', 'name': 'Heater', 'label': 'Living Room Heater', 'components': [{'id': 'main', 'label': 'main', 'capabilities': [{'id': 'temperatureSetting', 'version': 1}]}]}, {'format': 'SmartThings', 'deviceId': 'a1d2c3e4-5678-90ab-cdef-1234567890ab', 'name': 'TV', 'label': 'Bedroom TV', 'components': [{'id': 'main', 'label': 'main', 'capabilities': [{'id': 'mediaPlayback', 'version': 1}]}]}, {'format': 'SmartThings', 'deviceId': 'b2f4d6e8-90ab-12cd-34ef-567890abcdef', 'name': 'Refrigerator', 'label': 'Kitchen Refrigerator', 'components': [{'id': 'main', 'label': 'main', 'capabilities': [{'id': 'temperatureMeasurement', 'version': 1}]}]}, {'format': 'SmartThings', 'deviceId': 'c3d5e7f9-0123-4567-89ab-cdef01234567', 'name': 'Door Lock', 'label': 'Front Door Lock', 'components': [{'id': 'main', 'label': 'main', 'capabilities': [{'id': 'lock', 'version': 1}]}]}, {'format': 'SmartThings', 'deviceId': 'd4e6f8a0-1234-5678-9abc-def012345678', 'name': 'Smart Speaker', 'label': 'Living Room Speaker', 'components': [{'id': 'main', 'label': 'main', 'capabilities': [{'id': 'audioPlayback', 'version': 1}]}]}]","Set the temperature to zero degrees, play some music, and open the door.","The heater's temperature is set to 0 °C, the smart speaker begins playing music, and the front door lock is unlocked."
2026-01-06 12:00:00+00:00,"[{'format': 'SmartThings', 'deviceId': '3fa85f64-5717-4562-b3fc-2c963f66afa1', 'name': 'Robot Vacuum Cleaner', 'label': 'Living Room Vacuum', 'components': [{'id': 'main', 'label': 'main', 'capabilities': [{'id': 'cleaning', 'version': 1}]}]}, {'format': 'SmartThings', 'deviceId': '7c9e6679-7425-40de-944b-e07fc1f90ae7', 'name': 'Smart Light', 'label': 'Living Room Light', 'components': [{'id': 'main', 'label': 'main', 'capabilities': [{'id': 'switch', 'version': 1}, {'id': 'level', 'version': 1}]}]}, {'format': 'SmartThings', 'deviceId': 'd5b5a1c0-3e6c-4aef-9b1f-0c2d8f7e9c34', 'name': 'Smart Thermostat', 'label': 'Hallway Thermostat', 'components': [{'id': 'main', 'label': 'main', 'capabilities': [{'id': 'temperatureSetting', 'version': 1}]}]}, {'format': 'SmartThings', 'deviceId': 'a1b2c3d4-5678-90ab-cdef-1234567890ab', 'name': 'Amazon Echo', 'label': 'Kitchen Echo', 'components': [{'id': 'main', 'label': 'main', 'capabilities': [{'id': 'voiceAssistant', 'version': 1}]}]}, {'format': 'SmartThings', 'deviceId': '9f8e7d6c-5b4a-3210-9abc-def123456789', 'name': 'Smart Plug', 'label': 'Coffee Maker Plug', 'components': [{'id': 'main', 'label': 'main', 'capabilities': [{'id': 'onOff', 'version': 1}]}]}]","Alexa, could you take care of the house chores?",The robot vacuum cleaner starts a cleaning cycle and successfully cleans the floors as requested.
2026-01-06 12:34:56+00:00,"[{'format': 'W3C', 'id': 'd3f5c8e2-9a4b-4f1a-8c2e-7b6d9f1a2c3d', 'title': 'Living Room Light', 'actions': {'on': {'title': 'Turn On', 'description': 'Turns the light on'}, 'off': {'title': 'Turn Off', 'description': 'Turns the light off'}}}, {'format': 'SmartThings', 'deviceId': 'e4b2a1c9-6d7f-4a3b-9c5e-2f8a1b6d7e9f', 'name': 'light', 'label': 'Kitchen Light', 'components': [{'id': 'main', 'label': 'main', 'capabilities': [{'id': 'switch', 'version': 1}]}]}, {'format': 'W3C', 'id': 'a1c2b3d4-5e6f-7a8b-9c0d-1e2f3a4b5c6d', 'title': 'Thermostat', 'actions': {'setTemperature': {'title': 'Set Temperature', 'description': 'Sets the desired temperature', 'input': {'type': 'object', 'properties': {'temperature': {'type': 'integer'}}, 'required': ['temperature']}}}}, {'format': 'SmartThings', 'deviceId': 'f9e8d7c6-b5a4-3210-9f8e-7d6c5b4a3f2e', 'name': 'lock', 'label': 'Front Door Lock', 'components': [{'id': 'main', 'label': 'main', 'capabilities': [{'id': 'lock', 'version': 1}]}]}, {'format': 'W3C', 'id': 'c7d8e9f0-1a2b-3c4d-5e6f-7a8b9c0d1e2f', 'title': 'Smart Speaker', 'actions': {'playMusic': {'title': 'Play Music', 'description': 'Plays requested music track', 'input': {'type': 'object', 'properties': {'track': {'type': 'string'}}, 'required': ['track']}}}}]",Turn on the living room light pleaseeeeeeeeeeeeeee,The AI assistant should interpret the request and issue a command to turn on the Living Room Light; the light's state should become 'on'.
2026-01-06 12:00:00+00:00,"[{'format': 'SmartThings', 'deviceId': '11111111-1111-1111-1111-111111111111', 'name': 'Ceiling Light', 'label': 'Ceiling Light', 'components': [{'id': 'main', 'label': 'main', 'capabilities': [{'id': 'switch', 'version': 1}]}]}, {'format': 'SmartThings', 'deviceId': '22222222-2222-2222-2222-222222222222', 'name': 'Desk Lamp 1', 'label': 'Desk Lamp 1', 'components': [{'id': 'main', 'label': 'main', 'capabilities': [{'id': 'switch', 'version': 1}]}]}, {'format': 'SmartThings', 'deviceId': '33333333-3333-3333-3333-333333333333', 'name': 'Desk Lamp 2', 'label': 'Desk Lamp 2', 'components': [{'id': 'main', 'label': 'main', 'capabilities': [{'id': 'switch', 'version': 1}]}]}, {'format': 'SmartThings', 'deviceId': '44444444-4444-4444-4444-444444444444', 'name': 'RGB Strip Light', 'label': 'Back‑Strip RGB Light', 'components': [{'id': 'main', 'label': 'main', 'capabilities': [{'id': 'switch', 'version': 1}, {'id': 'colorControl', 'version': 1}]}]}, {'format': 'SmartThings', 'deviceId': '55555555-5555-5555-5555-555555555555', 'name': 'Thermostat', 'label': 'Room Thermostat', 'components': [{'id': 'main', 'label': 'main', 'capabilities': [{'id': 'temperatureSetting', 'version': 1}]}]}, {'format': 'SmartThings', 'deviceId': '66666666-6666-6666-6666-666666666666', 'name': 'Air Conditioner', 'label': 'Office AC', 'components': [{'id': 'main', 'label': 'main', 'capabilities': [{'id': 'temperatureSetting', 'version': 1}]}]}, {'format': 'SmartThings', 'deviceId': '77777777-7777-7777-7777-777777777777', 'name': 'Window', 'label': 'Office Window', 'components': [{'id': 'main', 'label': 'main', 'capabilities': [{'id': 'contactSensor', 'version': 1}]}]}]","Turn on all the lights and make the room cooler, please.","The AI assistant should turn on the Ceiling Light, Desk Lamp 1, Desk Lamp 2, and the Back‑Strip RGB Light, and set the temperature (via Thermostat or Air Conditioner) to 18 °C."
2026-01-06 12:34:56+00:00,"[{'format': 'SmartThings', 'deviceId': '11111111-1111-1111-1111-111111111111', 'name': 'light', 'label': 'Living Room Light', 'components': [{'id': 'main', 'label': 'main', 'capabilities': [{'id': 'switch', 'version': 1}]}]}, {'format': 'SmartThings', 'deviceId': '22222222-2222-2222-2222-222222222222', 'name': 'air_conditioner', 'label': 'Bedroom AC', 'components': [{'id': 'main', 'label': 'main', 'capabilities': [{'id': 'temperatureSetting', 'version': 1}]}]}, {'format': 'SmartThings', 'deviceId': '44444444-4444-4444-4444-444444444444', 'name': 'plug', 'label': 'Coffee Maker Plug', 'components': [{'id': 'main', 'label': 'main', 'capabilities': [{'id': 'switch', 'version': 1}]}]}, {'format': 'SmartThings', 'deviceId': '55555555-5555-5555-5555-555555555555', 'name': 'blinds', 'label': 'Window Blinds', 'components': [{'id': 'main', 'label': 'main', 'capabilities': [{'id': 'position', 'version': 1}]}]}, {'format': 'W3C', 'id': '33333333-3333-3333-3333-333333333333', 'title': 'Thermostat', 'actions': {'setTemperature': {'title': 'Set Temperature', 'description': 'Sets the desired temperature.', 'input': {'type': 'object', 'properties': {'value': {'type': 'integer'}}, 'required': ['value']}}}}]","Alexa, turn on the lights and make it cooler in here.","Alexa should recognize the request, turn on the living room light, and adjust the bedroom AC to a lower temperature (e.g., 22 °C) promptly."
2026-01-06 12:00:00+00:00,"[{'format': 'SmartThings', 'deviceId': '11111111-1111-1111-1111-111111111111', 'name': 'TV', 'label': 'Living Room TV', 'components': [{'id': 'main', 'label': 'main', 'capabilities': [{'id': 'switch', 'version': 1}, {'id': 'mediaPlayback', 'version': 1}]}]}, {'format': 'SmartThings', 'deviceId': '22222222-2222-2222-2222-222222222222', 'name': 'Window', 'label': 'Bedroom Window', 'components': [{'id': 'main', 'label': 'main', 'capabilities': [{'id': 'openClose', 'version': 1}]}]}, {'format': 'SmartThings', 'deviceId': '33333333-3333-3333-3333-333333333333', 'name': 'Light', 'label': 'Kitchen Light', 'components': [{'id': 'main', 'label': 'main', 'capabilities': [{'id': 'switch', 'version': 1}, {'id': 'level', 'version': 1}]}]}, {'format': 'SmartThings', 'deviceId': '44444444-4444-4444-4444-444444444444', 'name': 'Thermostat', 'label': 'Hallway Thermostat', 'components': [{'id': 'main', 'label': 'main', 'capabilities': [{'id': 'temperatureSetting', 'version': 1}, {'id': 'thermostatMode', 'version': 1}]}]}, {'format': 'SmartThings', 'deviceId': '55555555-5555-5555-5555-555555555555', 'name': 'SmartSpeaker', 'label': 'Office Speaker', 'components': [{'id': 'main', 'label': 'main', 'capabilities': [{'id': 'musicPlayback', 'version': 1}, {'id': 'speechSynthesis', 'version': 1}]}]}]",Please write the best website copy for my business; I want the final text ready to publish without any further edits.,"The AI should generate polished, ready‑to‑publish website text that meets the user's quality expectation, delivering the complete copy in the response without asking the user to perform additional formatting or editing."
2026-01-06 12:00:00+00:00,"[{'format': 'SmartThings', 'deviceId': '11111111-1111-1111-1111-111111111111', 'name': 'Heater', 'label': 'Living Room Heater', 'components': [{'id': 'main', 'label': 'main', 'capabilities': [{'id': 'temperatureSetting', 'version': 1}]}]}, {'format': 'SmartThings', 'deviceId': '22222222-2222-2222-2222-222222222222', 'name': 'Heater', 'label': 'Bedroom Heater', 'components': [{'id': 'main', 'label': 'main', 'capabilities': [{'id': 'temperatureSetting', 'version': 1}]}]}, {'format': 'SmartThings', 'deviceId': '33333333-3333-3333-3333-333333333333', 'name': 'Thermostat', 'label': 'Home Thermostat', 'components': [{'id': 'main', 'label': 'main', 'capabilities': [{'id': 'temperatureControl', 'version': 1}]}]}, {'format': 'SmartThings', 'deviceId': '44444444-4444-4444-4444-444444444444', 'name': 'Air Conditioner', 'label': 'Living Room AC', 'components': [{'id': 'main', 'label': 'main', 'capabilities': [{'id': 'coolingSetting', 'version': 1}]}]}, {'format': 'SmartThings', 'deviceId': '55555555-5555-5555-5555-555555555555', 'name': 'TV', 'label': 'Living Room TV', 'components': [{'id': 'main', 'label': 'main', 'capabilities': [{'id': 'mediaPlayback', 'version': 1}]}]}, {'format': 'SmartThings', 'deviceId': '66666666-6666-6666-6666-666666666666', 'name': 'Refrigerator', 'label': 'Kitchen Refrigerator', 'components': [{'id': 'main', 'label': 'main', 'capabilities': [{'id': 'temperatureMonitoring', 'version': 1}]}]}]","Alexa, set the living room heating to 22 degrees.","Alexa should acknowledge the request verbally, confirm that the Living Room Heater is set to 22 °C, and report that all thermostats in the house (including the bedroom heater and the main thermostat) have been updated to 22 °C."
2026-01-06 14:23:00+00:00,"[{'format': 'W3C', 'id': 'd3b0a1c4-9f2e-4a6b-8c1d-5e7f9a2b3c4d', 'title': 'Google Home Mini', 'actions': {'setAlarm': {'title': 'Set Alarm', 'description': 'Create an alarm at a specific time.'}, 'setReminder': {'title': 'Set Reminder', 'description': 'Create a reminder with optional text.'}, 'makeCall': {'title': 'Make Call', 'description': 'Place a phone call to a contact.'}, 'playMusic': {'title': 'Play Music', 'description': 'Play a music stream or genre.'}}}, {'format': 'W3C', 'id': 'a7c9d2e5-3f1b-4d8a-9e6c-2b0f1a7d8e9f', 'title': 'Living Room TV', 'actions': {'turnOn': {'title': 'Turn On', 'description': 'Power on the TV.'}, 'turnOff': {'title': 'Turn Off', 'description': 'Power off the TV.'}, 'setVolume': {'title': 'Set Volume', 'description': 'Adjust TV volume.'}, 'playMedia': {'title': 'Play Media', 'description': 'Play selected media content.'}}}, {'format': 'W3C', 'id': 'f1e2d3c4-b5a6-7d8e-9f0a-1b2c3d4e5f6a', 'title': 'Living Room Speaker', 'actions': {'playMusic': {'title': 'Play Music', 'description': 'Stream music to the speaker.'}, 'setVolume': {'title': 'Set Volume', 'description': 'Adjust speaker volume.'}}}, {'format': 'W3C', 'id': 'c9d8e7f6-5a4b-3c2d-1e0f-9a8b7c6d5e4f', 'title': 'Smart Light Strip', 'actions': {'turnOn': {'title': 'Turn On', 'description': 'Switch the light on.'}, 'turnOff': {'title': 'Turn Off', 'description': 'Switch the light off.'}, 'setBrightness': {'title': 'Set Brightness', 'description': 'Adjust brightness level.'}, 'setColor': {'title': 'Set Color', 'description': 'Change the light color.'}}}, {'format': 'W3C', 'id': 'e2f3a4b5-c6d7-8e9f-0a1b-2c3d4e5f6a7b', 'title': 'Smart Thermostat', 'actions': {'setTemperature': {'title': 'Set Temperature', 'description': 'Set desired home temperature.'}, 'setMode': {'title': 'Set Mode', 'description': 'Change HVAC mode (heat/cool/auto).'}}}]","Hey Google, I need to get up early tomorrow, remember to call Mom in the evening, and I could use some jazz music right now.","The AI should set an alarm for the next morning (~7:00 AM) on the Google Home Mini, create a reminder to call Mom at an appropriate evening time (e.g., 6:00 PM), and start playing jazz music on the living room speaker (or TV) with a reasonable volume, confirming each action to the user."
2026-01-06 12:00:00+00:00,"[{'format': 'SmartThings', 'deviceId': '11111111-1111-1111-1111-111111111111', 'name': 'Ceiling Light', 'label': 'Living Room Light', 'components': [{'id': 'main', 'label': 'main', 'capabilities': [{'id': 'switch', 'version': 1}]}]}, {'format': 'SmartThings', 'deviceId': '22222222-2222-2222-2222-222222222222', 'name': 'Smart Speaker', 'label': 'Living Room Speaker', 'components': [{'id': 'main', 'label': 'main', 'capabilities': [{'id': 'audioPlayback', 'version': 1}]}]}, {'format': 'SmartThings', 'deviceId': '33333333-3333-3333-3333-333333333333', 'name': 'Thermostat', 'label': 'Hallway Thermostat', 'components': [{'id': 'main', 'label': 'main', 'capabilities': [{'id': 'temperatureSetting', 'version': 1}]}]}, {'format': 'SmartThings', 'deviceId': '44444444-4444-4444-4444-444444444444', 'name': 'Front Door Lock', 'label': 'Front Door', 'components': [{'id': 'main', 'label': 'main', 'capabilities': [{'id': 'lock', 'version': 1}]}]}, {'format': 'SmartThings', 'deviceId': '55555555-5555-5555-5555-555555555555', 'name': 'Smart TV', 'label': 'Living Room TV', 'components': [{'id': 'main', 'label': 'main', 'capabilities': [{'id': 'mediaPlayback', 'version': 1}]}]}]","Alexa, turn on the living room light and play some music.","The assistant should turn the Living Room Light on, start playback on the Living Room Speaker, and confirm the actions without requiring any physical interaction."
2026-01-06 12:00:00+00:00,"[{'format': 'SmartThings', 'deviceId': '11111111-1111-1111-1111-111111111111', 'name': 'Light', 'label': 'Hallway Light', 'components': [{'id': 'main', 'label': 'main', 'capabilities': [{'id': 'switch', 'version': 1}]}]}, {'format': 'SmartThings', 'deviceId': '22222222-2222-2222-2222-222222222222', 'name': 'Thermostat', 'label': 'Living Room Thermostat', 'components': [{'id': 'main', 'label': 'main', 'capabilities': [{'id': 'temperatureMeasurement', 'version': 1}, {'id': 'thermostatMode', 'version': 1}]}]}, {'format': 'SmartThings', 'deviceId': '33333333-3333-3333-3333-333333333333', 'name': 'Door Lock', 'label': 'Front Door Lock', 'components': [{'id': 'main', 'label': 'main', 'capabilities': [{'id': 'lock', 'version': 1}]}]}, {'format': 'SmartThings', 'deviceId': '44444444-4444-4444-4444-444444444444', 'name': 'Echo', 'label': 'Alexa Echo', 'components': [{'id': 'main', 'label': 'main', 'capabilities': [{'id': 'audioVolume', 'version': 1}]}]}, {'format': 'SmartThings', 'deviceId': '55555555-5555-5555-5555-555555555555', 'name': 'TV', 'label': 'Living Room TV', 'components': [{'id': 'main', 'label': 'main', 'capabilities': [{'id': 'mediaPlayback', 'version': 1}]}]}]","Alexa, could you please turn on the lights for me.","The assistant should send a command to the Hallway Light device to set its switch capability to on, causing the light to report its state as on. No other devices should be affected."
2026-01-06 12:00:00+00:00,"[{'format': 'W3C', 'id': '11111111-1111-1111-1111-111111111111', 'title': 'Living Room Standing Lamp', 'actions': {'on': {'title': 'Turn On', 'description': 'Turns the lamp on.'}, 'off': {'title': 'Turn Off', 'description': 'Turns the lamp off.'}}}, {'format': 'W3C', 'id': '22222222-2222-2222-2222-222222222222', 'title': 'Nest Thermostat', 'actions': {'setTemperature': {'title': 'Set Temperature', 'description': 'Sets the desired temperature.'}}}, {'format': 'W3C', 'id': '33333333-3333-3333-3333-333333333333', 'title': 'Living Room TV', 'actions': {'powerOn': {'title': 'Power On', 'description': 'Turns the TV on.'}, 'powerOff': {'title': 'Power Off', 'description': 'Turns the TV off.'}, 'setChannel': {'title': 'Set Channel', 'description': 'Changes the TV channel.'}}}, {'format': 'W3C', 'id': '44444444-4444-4444-4444-444444444444', 'title': 'Echo Dot Speaker', 'actions': {'playMusic': {'title': 'Play Music', 'description': 'Starts playing music.'}}}, {'format': 'W3C', 'id': '55555555-5555-5555-5555-555555555555', 'title': 'Coffee Maker Smart Plug', 'actions': {'on': {'title': 'Turn On', 'description': 'Powers the plug on.'}, 'off': {'title': 'Turn Off', 'description': 'Powers the plug off.'}}}]","Alexa, could you turn on the standing lamp?","The AI assistant should repeat back the request (e.g., ""Turning on the standing lamp"") and then issue the 'on' action to the Living Room Standing Lamp so that the lamp becomes on."
2026-01-06 12:00:00+00:00,"[{'format': 'SmartThings', 'deviceId': '11111111-1111-1111-1111-111111111111', 'name': 'robot vacuum cleaner', 'label': 'Living Room Vacuum', 'components': [{'id': 'main', 'label': 'main', 'capabilities': [{'id': 'switch', 'version': 1}]}]}, {'format': 'SmartThings', 'deviceId': '22222222-2222-2222-2222-222222222222', 'name': 'smart speaker', 'label': 'Amazon Echo (Alexa)', 'components': [{'id': 'main', 'label': 'main', 'capabilities': [{'id': 'voice-assistant', 'version': 1}]}]}, {'format': 'SmartThings', 'deviceId': '33333333-3333-3333-3333-333333333333', 'name': 'smart light bulb', 'label': 'Kitchen Light', 'components': [{'id': 'main', 'label': 'main', 'capabilities': [{'id': 'switch', 'version': 1}, {'id': 'brightness', 'version': 1}]}]}, {'format': 'SmartThings', 'deviceId': '44444444-4444-4444-4444-444444444444', 'name': 'smart thermostat', 'label': 'Hallway Thermostat', 'components': [{'id': 'main', 'label': 'main', 'capabilities': [{'id': 'temperatureSetting', 'version': 1}]}]}, {'format': 'SmartThings', 'deviceId': '55555555-5555-5555-5555-555555555555', 'name': 'smart door lock', 'label': 'Front Door Lock', 'components': [{'id': 'main', 'label': 'main', 'capabilities': [{'id': 'lock', 'version': 1}]}]}]","Alexa, start the vacuum.",The AI assistant should immediately recognize the command as a request to turn on the robot vacuum cleaner and send a 'switch' on command to the vacuum device without asking for clarification or requiring a repeat.
2026-01-06 12:00:00+00:00,"[{'format': 'W3C', 'id': '11111111-1111-1111-1111-111111111111', 'title': 'Kitchen Light', 'actions': {'on': {'title': 'Turn On', 'description': 'Turns the light on'}, 'off': {'title': 'Turn Off', 'description': 'Turns the light off'}}}, {'format': 'W3C', 'id': '22222222-2222-2222-2222-222222222222', 'title': 'Echo Dot', 'actions': {'speak': {'title': 'Speak', 'description': 'Speaks a given phrase', 'input': {'type': 'object', 'properties': {'phrase': {'type': 'string'}}, 'required': []}}}}, {'format': 'W3C', 'id': '33333333-3333-3333-3333-333333333333', 'title': 'Smart Fridge', 'actions': {'reportTemperature': {'title': 'Report Temperature', 'description': 'Reports the internal temperature'}}}, {'format': 'W3C', 'id': '44444444-4444-4444-4444-444444444444', 'title': 'Smart Oven', 'actions': {'preheat': {'title': 'Preheat', 'description': 'Preheats the oven to a specified temperature', 'input': {'type': 'object', 'properties': {'temperature': {'type': 'integer'}}, 'required': []}}}}, {'format': 'W3C', 'id': '55555555-5555-5555-5555-555555555555', 'title': 'Motion Sensor', 'actions': {'detectMotion': {'title': 'Detect Motion', 'description': 'Detects motion in the kitchen area'}}}]","Alexa, please turn on the kitchen lights.","The Kitchen Light device should receive and execute its 'on' action, resulting in the light turning on. The Echo Dot may provide verbal acknowledgment, but no other devices (Fridge, Oven, Motion Sensor) should change state."
2026-01-06 12:34:56+00:00,"[{'format': 'SmartThings', 'deviceId': '11111111-1111-1111-1111-111111111111', 'name': 'Living Room Light', 'label': 'Ceiling Light', 'components': [{'id': 'main', 'label': 'main', 'capabilities': [{'id': 'switchLevel', 'version': 1}]}]}, {'format': 'SmartThings', 'deviceId': '22222222-2222-2222-2222-222222222222', 'name': 'Living Room Thermostat', 'label': 'Thermostat', 'components': [{'id': 'main', 'label': 'main', 'capabilities': [{'id': 'temperatureSetting', 'version': 1}]}]}, {'format': 'SmartThings', 'deviceId': '33333333-3333-3333-3333-333333333333', 'name': 'Living Room TV', 'label': 'Smart TV', 'components': [{'id': 'main', 'label': 'main', 'capabilities': [{'id': 'mediaPlayback', 'version': 1}]}]}, {'format': 'SmartThings', 'deviceId': '44444444-4444-4444-4444-444444444444', 'name': 'Living Room Speaker', 'label': 'Floor Speaker', 'components': [{'id': 'main', 'label': 'main', 'capabilities': [{'id': 'audioVolume', 'version': 1}]}]}, {'format': 'SmartThings', 'deviceId': '55555555-5555-5555-5555-555555555555', 'name': 'Living Room Smart Plug', 'label': 'Lamp Plug', 'components': [{'id': 'main', 'label': 'main', 'capabilities': [{'id': 'switch', 'version': 1}]}]}]",Dim the lights a bit so I can read but still relax.,"The AI should lower the ceiling light brightness to a softer level (e.g., 30‑40 % of maximum) without turning the light off or affecting other devices. No changes to thermostat, TV, speaker, or plug are expected."
2026-01-06 09:15:00+00:00,"[{'format': 'SmartThings', 'deviceId': '11111111-1111-1111-1111-111111111111', 'name': 'Smart Light', 'label': 'Bedroom Light', 'components': [{'id': 'main', 'label': 'main', 'capabilities': [{'id': 'switch', 'version': 1}, {'id': 'colorControl', 'version': 1}, {'id': 'level', 'version': 1}]}]}, {'format': 'SmartThings', 'deviceId': '22222222-2222-2222-2222-222222222222', 'name': 'Humidifier', 'label': 'Bedroom Humidifier', 'components': [{'id': 'main', 'label': 'main', 'capabilities': [{'id': 'switch', 'version': 1}, {'id': 'relativeHumiditySetting', 'version': 1}]}]}, {'format': 'SmartThings', 'deviceId': '33333333-3333-3333-3333-333333333333', 'name': 'Heater', 'label': 'Bedroom Heater', 'components': [{'id': 'main', 'label': 'main', 'capabilities': [{'id': 'switch', 'version': 1}, {'id': 'temperatureSetting', 'version': 1}]}]}, {'format': 'SmartThings', 'deviceId': '44444444-4444-4444-4444-444444444444', 'name': 'Smart Speaker', 'label': 'Google Nest Mini', 'components': [{'id': 'main', 'label': 'main', 'capabilities': [{'id': 'audioPlayback', 'version': 1}, {'id': 'voiceAssistant', 'version': 1}]}]}, {'format': 'SmartThings', 'deviceId': '55555555-5555-5555-5555-555555555555', 'name': 'Smart Plug', 'label': 'Bedroom Plug', 'components': [{'id': 'main', 'label': 'main', 'capabilities': [{'id': 'switch', 'version': 1}]}]}]",Change the light color while I'm sipping my mocha.,"The AI should set the Bedroom Light to a new color (e.g., warm amber) without altering the state of the humidifier, heater, speaker, or plug, and provide a brief verbal or textual confirmation that the color change was applied."
2026-01-06 12:34:56+00:00,"[{'format': 'W3C', 'id': '11111111-1111-1111-1111-111111111111', 'title': 'Living Room Light', 'actions': {'turnOn': {'title': 'Turn On', 'description': 'Turns the light on'}, 'turnOff': {'title': 'Turn Off', 'description': 'Turns the light off'}}}, {'format': 'W3C', 'id': '22222222-2222-2222-2222-222222222222', 'title': 'Bedroom Air Conditioner', 'actions': {'turnOn': {'title': 'Turn On', 'description': 'Power on the air conditioner'}, 'turnOff': {'title': 'Turn Off', 'description': 'Power off the air conditioner'}, 'setTemperature': {'title': 'Set Temperature', 'description': 'Set the desired temperature', 'input': {'type': 'object', 'properties': {'temperature': {'type': 'integer'}}, 'required': ['temperature']}}}}, {'format': 'W3C', 'id': '33333333-3333-3333-3333-333333333333', 'title': 'Hallway Air Purifier', 'actions': {'turnOn': {'title': 'Turn On', 'description': 'Power on the air purifier'}, 'turnOff': {'title': 'Turn Off', 'description': 'Power off the air purifier'}, 'setFanSpeed': {'title': 'Set Fan Speed', 'description': 'Adjust the fan speed', 'input': {'type': 'object', 'properties': {'speed': {'type': 'integer'}}, 'required': ['speed']}}}}, {'format': 'W3C', 'id': '44444444-4444-4444-4444-444444444444', 'title': 'Living Room TV', 'actions': {'turnOn': {'title': 'Turn On', 'description': 'Power on the TV'}, 'turnOff': {'title': 'Turn Off', 'description': 'Power off the TV'}, 'setChannel': {'title': 'Set Channel', 'description': 'Change TV channel', 'input': {'type': 'object', 'properties': {'channel': {'type': 'integer'}}, 'required': ['channel']}}}}, {'format': 'W3C', 'id': '55555555-5555-5555-5555-555555555555', 'title': 'Smart Speaker', 'actions': {'playMusic': {'title': 'Play Music', 'description': 'Play music from a specified artist', 'input': {'type': 'object', 'properties': {'artist': {'type': 'string'}, 'shuffle': {'type': 'string'}}, 'required': ['artist']}}, 'pause': {'title': 'Pause', 'description': 'Pause current playback'}}}, {'format': 'W3C', 'id': '66666666-6666-6666-6666-666666666666', 'title': 'Robot Vacuum Cleaner', 'actions': {'startCleaning': {'title': 'Start Cleaning', 'description': 'Begin vacuum cleaning cycle'}, 'stopCleaning': {'title': 'Stop Cleaning', 'description': 'Stop the vacuum cleaner'}, 'returnToDock': {'title': 'Return to Dock', 'description': 'Send robot vacuum back to its docking station'}}}, {'format': 'W3C', 'id': '77777777-7777-7777-7777-777777777777', 'title': 'Front Door Lock', 'actions': {'lock': {'title': 'Lock', 'description': 'Lock the door'}, 'unlock': {'title': 'Unlock', 'description': 'Unlock the door'}}}]",Play some Tate McRae music.,"The AI assistant should route the request to the Smart Speaker, start playing tracks by Tate McRae, enable shuffle so songs from all of her albums are played in random order, and should not affect any other devices such as the TV or lights."
2026-01-06 12:34:56+00:00,"[{'format': 'SmartThings', 'deviceId': 'a1b2c3d4-e5f6-7890-abcd-ef1234567890', 'name': 'Echo Studio', 'label': 'Living Room Speaker', 'components': [{'id': 'main', 'label': 'main', 'capabilities': [{'id': 'audioPlayback', 'version': 1}]}]}, {'format': 'SmartThings', 'deviceId': 'b2c3d4e5-f6a7-8901-bcde-f23456789012', 'name': 'Samsung TV', 'label': 'Living Room TV', 'components': [{'id': 'main', 'label': 'main', 'capabilities': [{'id': 'mediaPlayer', 'version': 1}]}]}, {'format': 'SmartThings', 'deviceId': 'c3d4e5f6-a7b8-9012-cdef-345678901234', 'name': 'Philips Hue Light', 'label': 'Dining Light', 'components': [{'id': 'main', 'label': 'main', 'capabilities': [{'id': 'switch', 'version': 1}]}]}, {'format': 'SmartThings', 'deviceId': 'd4e5f6a7-b8c9-0123-def0-456789012345', 'name': 'Nest Thermostat', 'label': 'Hallway Thermostat', 'components': [{'id': 'main', 'label': 'main', 'capabilities': [{'id': 'temperatureSetting', 'version': 1}]}]}, {'format': 'SmartThings', 'deviceId': 'e5f6a7b8-c9d0-1234-ef01-567890123456', 'name': 'TP-Link Plug', 'label': 'Coffee Maker Plug', 'components': [{'id': 'main', 'label': 'main', 'capabilities': [{'id': 'switch', 'version': 1}]}]}]","Alexa, turn on the speakers and play my favorite playlist.","The AI should acknowledge that the living room speaker is being turned on, confirm the speaker is on, then confirm it is starting playback of the user's favorite playlist."
2026-01-06 12:00:00+00:00,"[{'format': 'SmartThings', 'deviceId': '11111111-1111-1111-1111-111111111111', 'name': 'thermostat', 'label': 'Thermostat', 'components': [{'id': 'main', 'label': 'main', 'capabilities': [{'id': 'temperatureSetting', 'version': 1}]}]}, {'format': 'SmartThings', 'deviceId': '22222222-2222-2222-2222-222222222222', 'name': 'light', 'label': 'Kitchen Light', 'components': [{'id': 'main', 'label': 'main', 'capabilities': [{'id': 'switch', 'version': 1}]}]}, {'format': 'SmartThings', 'deviceId': '33333333-3333-3333-3333-333333333333', 'name': 'light', 'label': 'Living Room Light', 'components': [{'id': 'main', 'label': 'main', 'capabilities': [{'id': 'switch', 'version': 1}]}]}, {'format': 'SmartThings', 'deviceId': '44444444-4444-4444-4444-444444444444', 'name': 'air_conditioner', 'label': 'Air Conditioner', 'components': [{'id': 'main', 'label': 'main', 'capabilities': [{'id': 'switch', 'version': 1}, {'id': 'temperatureSetting', 'version': 1}]}]}, {'format': 'SmartThings', 'deviceId': '55555555-5555-5555-5555-555555555555', 'name': 'air_purifier', 'label': 'Air Purifier', 'components': [{'id': 'main', 'label': 'main', 'capabilities': [{'id': 'switch', 'version': 1}]}]}, {'format': 'SmartThings', 'deviceId': '66666666-6666-6666-6666-666666666666', 'name': 'humidifier', 'label': 'Humidifier', 'components': [{'id': 'main', 'label': 'main', 'capabilities': [{'id': 'switch', 'version': 1}]}]}]","Alexa, set the thermostat to 72 degrees and turn the kitchen lights off.","The AI assistant should set the thermostat device to 72°F using its temperatureSetting capability and turn off the Kitchen Light using its switch capability, confirming both actions were performed without error."
2026-01-06 12:00:00+00:00,"[{'format': 'SmartThings', 'deviceId': '123e4567-e89b-12d3-a456-426614174001', 'name': 'Light', 'label': ""Clover's Bedroom Light"", 'components': [{'id': 'main', 'label': 'main', 'capabilities': [{'id': 'switch', 'version': 1}]}]}, {'format': 'SmartThings', 'deviceId': '123e4567-e89b-12d3-a456-426614174002', 'name': 'SmartSpeaker', 'label': 'Alexa Echo', 'components': [{'id': 'main', 'label': 'main', 'capabilities': [{'id': 'voiceAssistant', 'version': 1}]}]}, {'format': 'SmartThings', 'deviceId': '123e4567-e89b-12d3-a456-426614174003', 'name': 'Thermostat', 'label': 'Living Room Thermostat', 'components': [{'id': 'main', 'label': 'main', 'capabilities': [{'id': 'temperatureMeasurement', 'version': 1}]}]}, {'format': 'SmartThings', 'deviceId': '123e4567-e89b-12d3-a456-426614174004', 'name': 'TV', 'label': 'Living Room TV', 'components': [{'id': 'main', 'label': 'main', 'capabilities': [{'id': 'mediaPlayback', 'version': 1}]}]}, {'format': 'SmartThings', 'deviceId': '123e4567-e89b-12d3-a456-426614174005', 'name': 'Door Lock', 'label': 'Front Door Lock', 'components': [{'id': 'main', 'label': 'main', 'capabilities': [{'id': 'lock', 'version': 1}]}]}]","Alexa, turn off the light in Clover's bedroom please","The assistant should respond with a verbal confirmation (e.g., ""Okay, turning off the light in Clover's bedroom"") and the Clover's Bedroom Light should be switched off."
2026-01-06 12:00:00+00:00,"[{'format': 'SmartThings', 'deviceId': '11111111-1111-1111-1111-111111111111', 'name': 'light', 'label': 'Living Room Light', 'components': [{'id': 'main', 'label': 'main', 'capabilities': [{'id': 'switch', 'version': 1}]}]}, {'format': 'SmartThings', 'deviceId': '22222222-2222-2222-2222-222222222222', 'name': 'air_conditioner', 'label': 'Living Room AC', 'components': [{'id': 'main', 'label': 'main', 'capabilities': [{'id': 'temperatureSetting', 'version': 1}]}]}, {'format': 'SmartThings', 'deviceId': '33333333-3333-3333-3333-333333333333', 'name': 'tv', 'label': 'Living Room TV', 'components': [{'id': 'main', 'label': 'main', 'capabilities': [{'id': 'mediaPlayback', 'version': 1}]}]}, {'format': 'SmartThings', 'deviceId': '44444444-4444-4444-4444-444444444444', 'name': 'speaker', 'label': 'Living Room Echo', 'components': [{'id': 'main', 'label': 'main', 'capabilities': [{'id': 'musicPlayback', 'version': 1}]}]}, {'format': 'SmartThings', 'deviceId': '55555555-5555-5555-5555-555555555555', 'name': 'thermostat', 'label': 'Hallway Thermostat', 'components': [{'id': 'main', 'label': 'main', 'capabilities': [{'id': 'temperatureMeasurement', 'version': 1}]}]}]","Alexa, could you turn the living room light on and set the AC to a comfortable temperature?","The AI should send a command to turn the Living Room Light on (or toggle it) and set the Living Room AC to a reasonable temperature (e.g., 72 °F or 22 °C). Both actions must be confirmed as successful."
2026-01-06 12:00:00+00:00,"[{'format': 'SmartThings', 'deviceId': 'e3b0c442-98fc-1c14-9af8-2d3e5f6a7b90', 'name': 'Light', 'label': 'Living Room Light', 'components': [{'id': 'main', 'label': 'main', 'capabilities': [{'id': 'switch', 'version': 1}, {'id': 'switchLevel', 'version': 1}]}]}, {'format': 'SmartThings', 'deviceId': 'a4f9d6e2-5c71-4b12-9d8f-3c2e1d5f7a44', 'name': 'Light', 'label': 'Bedroom Light', 'components': [{'id': 'main', 'label': 'main', 'capabilities': [{'id': 'switch', 'version': 1}, {'id': 'switchLevel', 'version': 1}]}]}, {'format': 'SmartThings', 'deviceId': 'd7a1c9f3-2e44-49b8-8f6a-5c9d3e2b1a77', 'name': 'Thermostat', 'label': 'Hallway Thermostat', 'components': [{'id': 'main', 'label': 'main', 'capabilities': [{'id': 'temperatureSetting', 'version': 1}]}]}, {'format': 'SmartThings', 'deviceId': '9c2e5b1a-6f34-4d80-9b12-7e3a1c4d5f88', 'name': 'TV', 'label': 'Living Room TV', 'components': [{'id': 'main', 'label': 'main', 'capabilities': [{'id': 'mediaPlayback', 'version': 1}, {'id': 'switch', 'version': 1}]}]}, {'format': 'SmartThings', 'deviceId': '5f1c2d3e-9a6b-4e7c-8f01-2b3c4d5e6f78', 'name': 'SmartSpeaker', 'label': 'Amazon Alexa Echo', 'components': [{'id': 'main', 'label': 'main', 'capabilities': [{'id': 'voiceAssistant', 'version': 1}]}]}]","Alexa, turn on the TV, turn off the lights, and raise the temperature a few degrees.","The TV should power on without noticeable delay, both lights should be turned off, and the thermostat should increase the set temperature by a small amount (e.g., 2‑3 °C) from its current value."
2026-01-06 12:34:56+00:00,"[{'format': 'SmartThings', 'deviceId': '11111111-1111-1111-1111-111111111111', 'name': 'Heater', 'label': 'Living Room Heater', 'components': [{'id': 'main', 'label': 'main', 'capabilities': [{'id': 'temperatureSetting', 'version': 1}]}]}, {'format': 'SmartThings', 'deviceId': '22222222-2222-2222-2222-222222222222', 'name': 'Thermostat', 'label': 'Main Thermostat', 'components': [{'id': 'main', 'label': 'main', 'capabilities': [{'id': 'temperatureSetting', 'version': 1}, {'id': 'thermostatMode', 'version': 1}]}]}, {'format': 'SmartThings', 'deviceId': '33333333-3333-3333-3333-333333333333', 'name': 'Television', 'label': 'Living Room TV', 'components': [{'id': 'main', 'label': 'main', 'capabilities': [{'id': 'mediaPlayback', 'version': 1}]}]}, {'format': 'SmartThings', 'deviceId': '44444444-4444-4444-4444-444444444444', 'name': 'Speaker', 'label': 'Smart Speaker', 'components': [{'id': 'main', 'label': 'main', 'capabilities': [{'id': 'audioPlayback', 'version': 1}]}]}, {'format': 'SmartThings', 'deviceId': '55555555-5555-5555-5555-555555555555', 'name': 'Window', 'label': 'Living Room Window', 'components': [{'id': 'main', 'label': 'main', 'capabilities': [{'id': 'windowShade', 'version': 1}]}]}, {'format': 'SmartThings', 'deviceId': '66666666-6666-6666-6666-666666666666', 'name': 'Door Lock', 'label': 'Front Door Lock', 'components': [{'id': 'main', 'label': 'main', 'capabilities': [{'id': 'lock', 'version': 1}]}]}]","I'm home, please turn up the heat.","The AI should interpret the command as a request to increase indoor temperature, send a command to the thermostat (and/or heater) to raise the temperature set‑point and ensure the heating system is on, without triggering actions on the TV, speaker, window, or door lock."
2026-01-06 12:00:00+00:00,"[{'format': 'SmartThings', 'deviceId': 'a1b2c3d4-e5f6-7890-abcd-ef1234567890', 'name': 'light', 'label': 'Living Room Light', 'components': [{'id': 'main', 'label': 'main', 'capabilities': [{'id': 'switch', 'version': 1}, {'id': 'level', 'version': 1}]}]}, {'format': 'SmartThings', 'deviceId': 'b2c3d4e5-f6a7-8901-bcde-f234567890ab', 'name': 'thermostat', 'label': 'Living Room Thermostat', 'components': [{'id': 'main', 'label': 'main', 'capabilities': [{'id': 'temperatureSetting', 'version': 1}]}]}, {'format': 'SmartThings', 'deviceId': 'c3d4e5f6-a7b8-9012-cdef-34567890abcd', 'name': 'tv', 'label': 'Living Room TV', 'components': [{'id': 'main', 'label': 'main', 'capabilities': [{'id': 'mediaPlayback', 'version': 1}]}]}, {'format': 'SmartThings', 'deviceId': 'd4e5f6a7-b8c9-0123-def0-4567890abcde', 'name': 'speaker', 'label': 'Living Room Speaker', 'components': [{'id': 'main', 'label': 'main', 'capabilities': [{'id': 'musicPlayer', 'version': 1}]}]}, {'format': 'SmartThings', 'deviceId': 'e5f6a7b8-c9d0-1234-ef01-567890abcdef', 'name': 'robot vacuum', 'label': 'Living Room Robot Vacuum', 'components': [{'id': 'main', 'label': 'main', 'capabilities': [{'id': 'cleaning', 'version': 1}]}]}]","Turn on the lights, set the temperature to 72 and play my gym playlist.","The assistant should respond promptly, turn on the living‑room light, set the thermostat to 72°F, and start playing the user’s gym playlist on the speaker. All devices must show the expected state (light on, temperature set, music playing) without error."
2026-01-06 12:00:00+00:00,"[{'format': 'SmartThings', 'deviceId': '11111111-1111-1111-1111-111111111111', 'name': 'light', 'label': 'Living Room Light', 'components': [{'id': 'main', 'label': 'main', 'capabilities': [{'id': 'switch', 'version': 1}, {'id': 'level', 'version': 1}]}]}, {'format': 'SmartThings', 'deviceId': '22222222-2222-2222-2222-222222222222', 'name': 'thermostat', 'label': 'Nest Thermostat', 'components': [{'id': 'main', 'label': 'main', 'capabilities': [{'id': 'temperatureSetting', 'version': 1}, {'id': 'thermostatMode', 'version': 1}]}]}, {'format': 'SmartThings', 'deviceId': '33333333-3333-3333-3333-333333333333', 'name': 'tv', 'label': 'Living Room TV', 'components': [{'id': 'main', 'label': 'main', 'capabilities': [{'id': 'mediaPlayback', 'version': 1}, {'id': 'audioVolume', 'version': 1}]}]}, {'format': 'SmartThings', 'deviceId': '44444444-4444-4444-4444-444444444444', 'name': 'speaker', 'label': 'Google Home Speaker', 'components': [{'id': 'main', 'label': 'main', 'capabilities': [{'id': 'audioPlayback', 'version': 1}, {'id': 'volume', 'version': 1}]}]}, {'format': 'SmartThings', 'deviceId': '55555555-5555-5555-5555-555555555555', 'name': 'refrigerator', 'label': 'Kitchen Refrigerator', 'components': [{'id': 'main', 'label': 'main', 'capabilities': [{'id': 'temperatureMeasurement', 'version': 1}, {'id': 'doorControl', 'version': 1}]}]}, {'format': 'SmartThings', 'deviceId': '66666666-6666-6666-6666-666666666666', 'name': 'washer', 'label': 'Laundry Washer', 'components': [{'id': 'main', 'label': 'main', 'capabilities': [{'id': 'mode', 'version': 1}, {'id': 'cycle', 'version': 1}]}]}]","Hey Google, set the thermostat to 21 degrees.","The Google Assistant should issue a command that updates the Nest thermostat’s temperature setting to exactly 21 °C and acknowledge the change; no other devices (light, TV, speaker, refrigerator, washer) should be altered."
2026-01-06 14:23:00+00:00,"[{'format': 'W3C', 'id': 'e2c1a6c0-9f4b-4d2a-8b3e-5d7a9d1f2c34', 'title': 'Smart Light', 'actions': {'turnOn': {'title': 'Turn On Light', 'description': 'Turns the light on'}, 'turnOff': {'title': 'Turn Off Light', 'description': 'Turns the light off'}}}, {'format': 'W3C', 'id': 'b3d9f1a2-7c8e-4f3b-9a0d-6e5c2b7f8a91', 'title': 'Air Purifier', 'actions': {'turnOn': {'title': 'Turn On Purifier', 'description': 'Activates the air purifier'}, 'turnOff': {'title': 'Turn Off Purifier', 'description': 'Deactivates the air purifier'}}}, {'format': 'W3C', 'id': 'c4f7e2b5-1a6d-4c3e-9f0b-2d8e3a7c9b55', 'title': 'Smart Speaker', 'actions': {'playMusic': {'title': 'Play Music', 'description': 'Plays requested music'}, 'stopMusic': {'title': 'Stop Music', 'description': 'Stops the currently playing music'}}}, {'format': 'W3C', 'id': 'd5a9c3e8-2b7f-44d2-8c1a-3f6e9b0d7c81', 'title': 'Doorbell Camera', 'actions': {'showFeed': {'title': 'Show Doorbell Feed', 'description': 'Displays the live doorbell camera feed'}}}, {'format': 'W3C', 'id': 'f1e2d3b4-9a8c-4e7f-8b2d-5c6a7e9f0b12', 'title': 'Smart Kettle', 'actions': {'turnOn': {'title': 'Turn On Kettle', 'description': 'Heats water by turning the kettle on'}, 'turnOff': {'title': 'Turn Off Kettle', 'description': 'Turns the kettle off'}}}, {'format': 'W3C', 'id': 'a3b4c5d6-7e8f-9a0b-1c2d-3e4f5a6b7c89', 'title': 'Back Garden Camera', 'actions': {'showFeed': {'title': 'Show Garden Feed', 'description': 'Displays the live feed from the back‑garden camera'}}}]","Alexa, turn on the kettle and show me the back garden.",The AI should send a turnOn command to the Smart Kettle device and a showFeed command to the Back Garden Camera device. No other devices should be affected.
2026-01-06 12:00:00+00:00,"[{'format': 'SmartThings', 'deviceId': '11111111-1111-1111-1111-111111111111', 'name': 'Smart TV', 'label': 'Living Room TV', 'components': [{'id': 'main', 'label': 'main', 'capabilities': [{'id': 'mediaPlayback', 'version': 1}]}]}, {'format': 'SmartThings', 'deviceId': '22222222-2222-2222-2222-222222222222', 'name': 'Smart Light', 'label': 'Living Room Lamp', 'components': [{'id': 'main', 'label': 'main', 'capabilities': [{'id': 'switch', 'version': 1}]}]}, {'format': 'SmartThings', 'deviceId': '33333333-3333-3333-3333-333333333333', 'name': 'Smart Speaker', 'label': 'Living Room Speaker', 'components': [{'id': 'main', 'label': 'main', 'capabilities': [{'id': 'mediaPlayback', 'version': 1}]}]}, {'format': 'SmartThings', 'deviceId': '44444444-4444-4444-4444-444444444444', 'name': 'Thermostat', 'label': 'Living Room Thermostat', 'components': [{'id': 'main', 'label': 'main', 'capabilities': [{'id': 'temperatureSetting', 'version': 1}]}]}, {'format': 'SmartThings', 'deviceId': '55555555-5555-5555-5555-555555555555', 'name': 'Smart Plug', 'label': 'Coffee Maker Plug', 'components': [{'id': 'main', 'label': 'main', 'capabilities': [{'id': 'switch', 'version': 1}]}]}]","Hey Google, find the show I wanted and start it on the TV.","The AI should search the TV program guide, locate the exact requested show, and initiate playback on the Living Room TV. It must confirm the correct program before starting and then start the stream when the user confirms."
2026-01-06 12:00:00+00:00,"[{'format': 'SmartThings', 'deviceId': 'a1111111-1111-1111-1111-111111111111', 'name': 'Television', 'label': 'Living Room TV', 'components': [{'id': 'main', 'label': 'main', 'capabilities': [{'id': 'mediaPlayback', 'version': 1}, {'id': 'switch', 'version': 1}]}]}, {'format': 'SmartThings', 'deviceId': 'b2222222-2222-2222-2222-222222222222', 'name': 'Speaker', 'label': 'Living Room Speaker', 'components': [{'id': 'main', 'label': 'main', 'capabilities': [{'id': 'audioPlayback', 'version': 1}, {'id': 'volumeControl', 'version': 1}]}]}, {'format': 'SmartThings', 'deviceId': 'c3333333-3333-3333-3333-333333333333', 'name': 'Light', 'label': 'Ceiling Light', 'components': [{'id': 'main', 'label': 'main', 'capabilities': [{'id': 'switch', 'version': 1}, {'id': 'levelControl', 'version': 1}]}]}, {'format': 'SmartThings', 'deviceId': 'd4444444-4444-4444-4444-444444444444', 'name': 'Thermostat', 'label': 'Hallway Thermostat', 'components': [{'id': 'main', 'label': 'main', 'capabilities': [{'id': 'temperatureSetting', 'version': 1}]}]}, {'format': 'SmartThings', 'deviceId': 'e5555555-5555-5555-5555-555555555555', 'name': 'Smart Plug', 'label': 'Coffee Maker Plug', 'components': [{'id': 'main', 'label': 'main', 'capabilities': [{'id': 'switch', 'version': 1}]}]}]",Play a song on the speaker and turn the TV on.,"The AI assistant should send a command to the Living Room Speaker to start playing music and a command to the Living Room TV to power on. Both actions must be confirmed as successful, and any error (e.g., failure to start playback) should be reported back to the user."
2026-01-06 14:30:00+00:00,"[{'format': 'SmartThings', 'deviceId': '11111111-1111-1111-1111-111111111111', 'name': 'Robot Vacuum Cleaner', 'label': 'Roomba', 'components': [{'id': 'main', 'label': 'main', 'capabilities': [{'id': 'vacuumCleaner', 'version': 1}, {'id': 'schedule', 'version': 1}]}]}, {'format': 'SmartThings', 'deviceId': '22222222-2222-2222-2222-222222222222', 'name': 'Smart Light', 'label': 'Living Room Light', 'components': [{'id': 'main', 'label': 'main', 'capabilities': [{'id': 'switch', 'version': 1}, {'id': 'level', 'version': 1}]}]}, {'format': 'SmartThings', 'deviceId': '33333333-3333-3333-3333-333333333333', 'name': 'Smart Thermostat', 'label': 'Hallway Thermostat', 'components': [{'id': 'main', 'label': 'main', 'capabilities': [{'id': 'thermostatCoolingSetpoint', 'version': 1}, {'id': 'thermostatHeatingSetpoint', 'version': 1}]}]}, {'format': 'SmartThings', 'deviceId': '44444444-4444-4444-4444-444444444444', 'name': 'Smart Speaker', 'label': 'HomePod Mini', 'components': [{'id': 'main', 'label': 'main', 'capabilities': [{'id': 'audioPlayback', 'version': 1}, {'id': 'voiceAssistant', 'version': 1}]}]}, {'format': 'SmartThings', 'deviceId': '55555555-5555-5555-5555-555555555555', 'name': 'Smart Door Lock', 'label': 'Front Door Lock', 'components': [{'id': 'main', 'label': 'main', 'capabilities': [{'id': 'lock', 'version': 1}, {'id': 'lockCodes', 'version': 1}]}]}]","Hey Siri, start the vacuum cleaner at 7 PM.",Siri should schedule the robot vacuum to begin cleaning exactly at 7 PM and confirm the scheduled time; the vacuum must start automatically at that time without further user input.
2026-01-06 14:32:15+00:00,"[{'format': 'SmartThings', 'deviceId': 'd1b6c9f2-8a4e-4d3a-9c5b-2f7e9a6c1b34', 'name': 'TV', 'label': 'Living Room TV', 'components': [{'id': 'main', 'label': 'main', 'capabilities': [{'id': 'audioVolume', 'version': 1}]}]}, {'format': 'SmartThings', 'deviceId': 'a5f7e9d3-2c1b-4e6f-8a9d-3b0c5d7e8f21', 'name': 'Speaker', 'label': 'Living Room Speaker', 'components': [{'id': 'main', 'label': 'main', 'capabilities': [{'id': 'speakerVolume', 'version': 1}]}]}, {'format': 'SmartThings', 'deviceId': 'f3c2d1b4-7e8a-4f9b-9c0d-1e2f3a4b5c6d', 'name': 'Light', 'label': 'Living Room Ceiling Light', 'components': [{'id': 'main', 'label': 'main', 'capabilities': [{'id': 'switchLevel', 'version': 1}]}]}, {'format': 'SmartThings', 'deviceId': 'c9e8d7b6-5a4f-3c2d-1e0f-9b8a7c6d5e4f', 'name': 'Thermostat', 'label': 'Hallway Thermostat', 'components': [{'id': 'main', 'label': 'main', 'capabilities': [{'id': 'temperatureSetting', 'version': 1}]}]}, {'format': 'SmartThings', 'deviceId': 'b2a1c3d4-6e5f-7a8b-9c0d-1e2f3a4b5c6d', 'name': 'Smart Plug', 'label': 'Coffee Maker Plug', 'components': [{'id': 'main', 'label': 'main', 'capabilities': [{'id': 'switch', 'version': 1}]}]}]","Alexa, turn up the TV volume a notch.",The AI should recognize the request as a command to increase the TV's audio volume by one level and send the appropriate control signal to the TV device.
2026-01-06 12:00:00+00:00,"[{'format': 'W3C', 'id': 'a1b2c3d4-1111-2222-3333-444455556777', 'title': 'Living Room Ceiling Light', 'actions': {'on': {'title': 'Turn On', 'description': 'Turns the light on.'}, 'off': {'title': 'Turn Off', 'description': 'Turns the light off.'}, 'setBrightness': {'title': 'Set Brightness', 'description': 'Sets the light brightness level (0‑100).', 'input': {'type': 'object', 'properties': {'level': {'type': 'integer'}}, 'required': ['level']}}}}, {'format': 'W3C', 'id': 'b2c3d4e5-2222-3333-4444-555566667888', 'title': 'Living Room Ambient Light Sensor', 'actions': {'measure': {'title': 'Measure Light Level', 'description': 'Returns the current ambient light level as an integer (0 = pitch dark, 100 = very bright).'}}}, {'format': 'W3C', 'id': 'c3d4e5f6-3333-4444-5555-666677778999', 'title': 'Google Home Mini', 'actions': {'playMusic': {'title': 'Play Music', 'description': 'Starts playing the requested music.'}, 'stopMusic': {'title': 'Stop Music', 'description': 'Stops any currently playing music.'}}}, {'format': 'W3C', 'id': 'd4e5f6a7-4444-5555-6666-777788889000', 'title': 'Hallway Thermostat', 'actions': {'setTemperature': {'title': 'Set Temperature', 'description': 'Sets the desired temperature in degrees Celsius.', 'input': {'type': 'object', 'properties': {'temperature': {'type': 'integer'}}, 'required': ['temperature']}}}}, {'format': 'W3C', 'id': 'e5f6a7b8-5555-6666-7777-88889999aaaa', 'title': 'Coffee Maker Smart Plug', 'actions': {'on': {'title': 'Turn On', 'description': 'Powers on the connected coffee maker.'}, 'off': {'title': 'Turn Off', 'description': 'Powers off the connected coffee maker.'}}}]",It's still pretty dark; could you turn on the living room light and set its brightness based on how dark it is?,"The AI should recognize the request, query the ambient light sensor, turn the Living Room Ceiling Light on, and set its brightness level proportionally to the measured darkness (e.g., higher brightness for lower light values). No errors or irrelevant actions should occur."
2026-01-06 12:34:56+00:00,"[{'format': 'SmartThings', 'deviceId': 'a3f1c2e4-7b9d-4f6a-8c1e-2d5b6a7f9c01', 'name': 'light', 'label': 'Living Room Light', 'components': [{'id': 'main', 'label': 'main', 'capabilities': [{'id': 'switch', 'version': 1}]}]}, {'format': 'SmartThings', 'deviceId': 'b5d2e3f6-1a2b-4c3d-9e8f-0a1b2c3d4e5f', 'name': 'tv', 'label': 'Living Room TV', 'components': [{'id': 'main', 'label': 'main', 'capabilities': [{'id': 'switch', 'version': 1}]}]}, {'format': 'SmartThings', 'deviceId': 'c7e8f9a0-2b3c-4d5e-6f7a-8b9c0d1e2f3a', 'name': 'speaker', 'label': 'Smart Speaker', 'components': [{'id': 'main', 'label': 'main', 'capabilities': [{'id': 'switch', 'version': 1}]}]}, {'format': 'SmartThings', 'deviceId': 'd9f0a1b2-3c4d-5e6f-7a8b-9c0d1e2f3a4b', 'name': 'coffee_maker', 'label': 'Coffee Maker', 'components': [{'id': 'main', 'label': 'main', 'capabilities': [{'id': 'switch', 'version': 1}]}]}, {'format': 'SmartThings', 'deviceId': 'e1f2a3b4-5c6d-7e8f-9a0b-1c2d3e4f5a6b', 'name': 'thermostat', 'label': 'Hallway Thermostat', 'components': [{'id': 'main', 'label': 'main', 'capabilities': [{'id': 'switch', 'version': 1}]}]}]","Hey Google, switch on the coffee maker, and turn on all the lights.","The assistant should respond politely, confirm the request, turn on the coffee maker, and turn on the living room light (or all lights if grouped). The devices should change state to 'on' and the assistant’s reply should be friendly and helpful."
